STRESS,CLASS SKIPPED,PROCARASTINATION,SEEKING FEEDBACK,TAKING NOTES,SEEKING CLARITY,NO OF SUBJECTS,SOCIAL MEDIA,PROJECTS,WORKSHOPS,INTEREST ON SUBJECT,READING TEXTBOOKS,ASKING QUESTION IN CLASS,OVER RELIANCE ON MEMORIZATION,LACK OF SELF DICIPLINE,PEER DISTURNBANCE,CLASS DISCUSSIONS,REVIEWING PRIVIOUS PAPER,STUDYING MATERIAL BEFORE CLASS,COMPLETING ASSIGNMENTS,SLEEP AFFECTING CLASS,HEALTH ISSUE,SELF DIRECTED STUDY,Grade
2,2,4,9,3,2,4,3,1,5,1,2,0,3,10,10,80,30,20,8,20,30,5,1
3,2,0,8,3,1,2,0,4,7,3,2,2,6,50,50,70,80,80,50,50,70,6,3
1,2,5,8,3,1,4,1,2,4,5,5,2,3,3,10,40,20,80,40,40,30,6,2
1,3,4,0,1,0,2,0,2,5,2,0,0,3,30,0,50,0,0,0,0,20,6,4
4,5,9,8,8,5,5,1,4,6,7,5,4,7,70,30,50,60,60,40,10,50,6,1
2,0,0,0,0,2,0,0,0,3,1,0,0,2,0,0,0,1,75,99,0,70,6,1
2,2,2,4,3,2,2,2,2,2,1,3,4,2,0,78,90,50,70,60,60,80,6,1
3,7,8,8,5,4,3,1,9,10,9,5,7,9,70,50,80,70,100,20,30,90,8,1
9,0,0,0,2,0,0,0,0,2,0,3,0,1,1,50,70,70,0,20,0,0,6,2
1,3,2,0,2,1,3,5,2,1,3,0,1,3,99,80,90,100,50,30,80,40,6,1
2,2,1,3,1,2,4,2,2,3,1,2,1,4,69,30,30,20,10,10,10,10,5,1
5,3,4,0,1,2,2,2,2,3,1,2,1,3,50,50,70,50,50,0,100,60,5,1
6,3,9,6,8,1,8,1,5,5,6,2,0,8,50,25,70,25,10,20,5,40,5,1
2,3,5,1,1,0,2,2,1,3,2,3,1,4,0,0,30,2,50,6,3,5,5,1
4,1,3,2,2,2,2,1,1,3,2,6,6,3,3,7,10,100,100,50,40,100,6,2
5,8,5,2,3,2,3,4,2,7,7,2,10,6,1,6,6,1,4,6,3,0,6,1
6,0,1,0,1,0,4,0,1,7,4,4,4,5,0,20,60,100,100,6,90,70,5,1
5,1,1,1,0,0,0,0,1,2,1,1,1,1,30,10,50,30,70,7,0,0,6,2
2,0,2,0,1,2,2,0,1,0,3,3,0,5,50,0,50,99,0,15,10,50,5,1
5,0,1,0,0,0,1,0,0,0,0,0,0,2,0,0,0,2,2,2,2,1,6,1
5,3,3,0,2,4,2,1,1,1,1,0,1,2,10,50,70,70,30,10,5,40,6,1
5,1,4,6,1,1,4,4,2,4,4,5,5,5,98,70,97,40,60,35,60,45,6,1
6,4,3,3,3,3,3,2,2,4,3,3,2,7,30,10,50,20,30,30,20,30,5,1
9,9,2,9,9,6,5,5,2,8,8,9,7,8,95,60,95,99,95,30,80,60,7,1
1,2,1,2,2,1,1,2,1,3,3,2,1,1,80,90,90,30,30,10,10,30,6,1
3,2,2,5,3,2,4,5,5,4,4,6,6,4,90,0,100,70,50,20,60,80,5,1
10,0,0,4,1,1,1,2,2,8,3,6,1,5,20,100,70,50,50,60,5,5,7,1
3,1,2,0,1,4,3,0,0,2,0,0,0,2,5,5,90,5,10,15,5,15,6,2
3,0,1,0,1,4,2,1,1,0,0,1,0,1,80,20,50,50,60,2,40,10,6,1
3,1,3,0,2,0,2,0,1,0,1,0,0,2,2,0,30,50,0,10,10,70,6,1
3,0,0,1,1,0,2,0,0,0,0,0,0,0,0,0,50,100,70,1,20,100,5,1
2,0,2,3,3,1,3,0,3,3,0,3,2,1,0,0,10,100,50,10,50,100,7,3
1,2,2,3,2,4,4,5,4,3,3,4,3,2,50,70,50,40,50,43,40,50,6,3
2,3,3,1,1,1,2,0,2,3,1,1,0,3,20,0,50,10,40,3,0,20,7,1
6,4,2,5,5,5,4,3,3,6,3,4,1,8,3,0,70,20,60,0,2,80,7,1
2,2,4,0,1,0,1,2,1,2,0,1,0,2,50,0,50,20,60,0,10,80,7,2
2,2,5,0,2,0,2,0,1,1,0,0,0,1,50,20,50,30,30,10,20,20,6,1
4,4,1,4,2,0,1,6,2,3,3,2,3,4,40,10,20,50,60,40,30,20,7,1
2,1,1,0,1,1,2,3,1,1,0,1,0,2,70,20,70,30,50,10,60,40,6,2
1,2,4,0,6,2,1,1,0,2,2,4,3,1,85,6,0,4,50,0,85,100,6,1
2,2,4,1,3,0,6,0,2,2,2,4,1,4,0,70,50,40,10,20,40,20,5,1
3,1,1,0,3,0,2,0,1,3,2,4,1,4,5,5,60,70,10,7,30,50,7,1
2,0,2,2,1,1,1,5,1,0,0,2,1,2,0,5,50,50,100,50,100,50,7,2
3,4,1,5,5,5,5,5,5,5,5,8,1,2,50,60,50,20,30,10,20,30,6,2
4,6,6,3,3,4,3,2,2,4,1,3,0,2,50,50,90,60,20,50,10,10,6,1
4,4,2,0,1,5,1,2,3,0,1,3,0,4,20,70,50,20,40,0,5,0,6,2
2,1,2,0,2,0,2,0,1,3,2,2,1,1,10,0,96,45,98,25,50,50,6,2
1,1,1,1,1,2,2,2,0,1,0,1,1,3,50,30,88,20,10,3,6,3,6,2
3,1,3,2,1,2,2,1,2,4,1,0,0,2,10,5,50,0,0,7,0,0,6,2
6,1,1,1,2,1,1,1,1,1,1,1,2,1,100,100,100,10,10,10,10,10,6,2
5,2,2,3,0,2,3,2,3,4,3,1,0,3,0,0,5,0,3,50,0,2,5,1
7,6,4,4,6,7,8,9,6,6,7,8,9,9,50,50,40,50,50,50,50,50,5,1
2,5,0,4,2,1,0,2,3,8,6,4,2,7,0,50,90,90,90,30,0,50,6,1
6,2,6,9,2,1,2,0,2,3,3,1,1,5,35,20,40,60,50,30,40,40,8,3
5,5,1,5,0,0,0,0,5,7,8,5,5,8,0,0,90,90,90,20,0,20,6,3
2,3,2,3,3,1,2,3,4,1,3,3,1,3,20,30,30,50,60,20,30,50,5,2
7,6,4,9,8,5,4,3,8,9,7,5,6,3,50,30,70,70,60,40,30,40,5,1
3,4,3,7,3,2,1,0,2,2,1,3,1,2,30,56,80,40,20,70,25,50,6,3
2,1,2,0,1,1,3,1,7,4,3,4,2,4,66,90,50,50,40,30,70,50,7,4
8,0,1,0,1,1,0,2,0,1,0,2,0,2,0,3,20,50,50,50,0,20,6,4
3,1,3,2,3,4,4,3,2,3,3,4,4,5,80,70,60,50,40,50,20,60,7,3
9,1,0,2,4,1,5,3,4,4,6,2,0,9,10,20,30,40,50,20,65,86,4,2
3,4,4,2,2,1,0,1,1,2,1,1,1,2,20,40,70,50,90,10,30,10,5,1
6,1,0,0,1,2,1,0,1,3,1,1,6,8,0,50,50,80,70,70,30,60,6,2
7,1,3,1,1,3,1,2,1,2,1,5,1,8,50,50,20,40,50,30,10,20,6,2
10,5,5,7,3,4,4,2,4,5,5,5,5,6,40,60,50,100,50,40,50,40,5,2
3,1,2,5,5,1,3,4,3,3,0,2,6,5,65,55,25,50,70,40,35,80,3,4
5,1,2,1,3,1,6,1,3,1,2,1,2,4,30,30,70,30,30,10,40,20,6,4
3,6,9,2,1,1,1,3,1,1,2,4,2,3,30,35,60,75,45,80,40,45,7,2
10,1,1,1,1,0,0,0,1,6,1,1,0,8,40,10,50,50,20,10,50,20,6,4
4,0,0,2,1,1,1,0,0,2,1,2,1,1,0,10,25,0,50,30,0,0,6,1
3,4,1,1,3,0,0,0,1,3,0,1,0,2,10,20,30,20,30,10,30,10,6,4
3,1,0,2,3,3,3,4,3,7,4,3,3,2,30,50,70,10,50,0,5,0,7,1
6,1,0,2,0,3,0,2,3,1,3,3,1,4,20,10,50,20,40,30,10,20,6,4
8,1,1,0,1,2,2,4,3,0,5,3,8,2,40,10,50,6,50,10,30,10,6,4
7,6,0,6,0,0,0,5,4,6,6,3,1,7,0,0,80,50,40,20,0,20,6,4
5,5,3,3,4,5,3,3,2,4,3,5,3,3,50,50,75,50,50,20,30,20,6,2
4,1,6,0,2,0,2,0,1,1,1,1,0,1,0,0,10,20,0,5,2,0,8,1
4,8,0,10,2,5,9,10,5,10,6,6,3,1,10,20,60,100,100,9,2,4,6,2
4,5,5,3,2,3,5,4,3,6,8,5,7,5,80,60,60,60,50,50,50,49,6,1
2,4,4,4,7,3,4,3,1,2,2,4,3,2,30,50,40,60,40,40,50,30,6,2
2,1,2,3,2,2,2,2,4,4,10,6,4,5,50,60,40,40,60,40,50,50,6,3
3,0,1,0,1,0,3,4,3,7,3,3,2,6,10,0,100,90,50,6,50,40,5,2
2,2,5,6,5,1,2,2,4,5,4,4,5,4,59,57,30,60,60,50,40,60,6,4
4,3,1,4,3,4,2,6,3,6,3,2,2,8,60,50,60,50,70,60,30,60,5,3
3,0,1,3,1,0,2,1,4,2,0,2,1,1,10,0,50,20,50,3,20,0,6,1
2,2,5,2,2,3,2,3,1,2,2,2,1,3,50,50,90,40,40,2,2,7,6,1
3,5,2,3,2,2,0,0,3,3,4,1,0,5,50,30,20,10,0,20,30,0,6,4
3,3,3,5,1,7,3,7,7,1,2,4,6,5,20,10,50,60,20,50,20,60,5,2
2,1,4,1,1,1,2,0,1,0,1,2,1,5,10,20,50,100,90,30,90,100,7,1
4,2,3,3,1,3,2,2,5,4,2,1,4,3,50,60,70,80,100,50,90,100,6,2
2,1,5,3,1,2,0,0,1,1,0,2,0,3,0,0,0,100,100,50,30,60,5,1
3,4,5,0,1,1,2,0,1,0,0,0,0,1,10,0,75,15,10,0,0,0,6,4
5,5,8,8,5,5,4,2,5,7,3,6,3,6,60,30,50,40,60,40,10,40,6,1
1,1,4,2,1,2,5,2,3,3,3,3,2,1,20,30,40,50,60,10,20,10,6,2
5,2,1,1,0,2,1,0,2,4,1,3,1,3,0,40,30,20,10,20,40,0,6,4
1,1,0,1,1,0,0,0,2,1,1,1,1,2,10,20,10,20,10,20,10,20,5,4
2,2,4,1,1,4,2,0,2,2,2,4,1,3,30,10,40,60,50,60,60,80,5,4
0,2,0,3,1,1,1,1,1,4,1,1,1,2,25,35,15,25,80,45,80,75,7,4
4,1,0,2,0,1,1,3,2,4,4,3,1,4,20,10,80,30,20,10,30,20,6,3
4,1,1,1,2,1,2,2,3,1,5,1,0,1,30,20,30,50,50,20,30,10,6,3
2,2,1,2,1,1,2,1,1,2,1,2,0,3,1,0,5,1,2,3,0,10,7,1
4,2,0,1,1,1,0,0,0,1,0,1,0,1,70,0,80,80,80,50,60,60,7,2
1,2,8,4,3,3,3,1,2,1,2,4,1,5,50,50,100,30,40,9,40,20,5,2
7,2,4,3,0,1,0,3,4,8,8,0,0,7,0,10,50,20,30,10,10,20,6,3
3,2,2,2,2,5,2,2,1,2,1,3,0,3,20,20,70,70,40,30,30,40,5,2
4,1,1,1,2,1,2,1,1,1,1,1,0,1,5,1,90,20,30,5,20,40,5,3
10,2,2,1,1,2,1,1,0,4,1,3,1,5,20,20,10,30,20,50,10,30,6,3
8,2,1,1,3,2,0,0,2,4,1,0,1,3,30,60,20,30,50,10,10,0,6,3
6,2,1,2,1,0,0,2,1,0,3,0,3,1,0,20,30,40,10,40,0,10,6,3
6,1,3,3,3,0,0,1,3,5,5,1,2,3,20,30,40,20,10,30,10,10,6,3
6,1,3,2,1,0,0,0,1,2,1,1,0,4,20,0,60,40,20,60,20,10,5,1
1,3,2,7,3,2,1,0,2,1,2,4,5,4,50,55,65,20,40,25,50,45,7,4
3,4,1,3,0,1,3,4,1,1,3,10,1,1,85,65,75,45,25,10,35,80,7,3
0,1,1,2,2,1,1,0,1,2,6,7,3,4,56,73,15,15,84,63,27,84,5,4
3,8,2,1,2,2,3,2,0,5,0,3,2,4,76,9,38,76,60,84,1,1,5,4
2,6,1,1,5,0,3,1,1,1,2,0,2,2,68,59,48,50,80,92,0,1,4,4
9,6,0,5,3,0,0,2,1,2,3,3,3,5,45,58,50,16,62,34,0,1,7,1
8,0,2,5,1,3,2,3,3,0,0,0,3,3,66,78,76,82,95,68,0,1,5,2
3,10,2,4,1,3,2,3,3,2,1,1,0,5,100,62,81,31,77,70,1,0,6,2
1,3,5,3,3,2,3,3,1,5,1,4,3,3,3,15,56,15,19,68,0,1,5,1
10,3,5,2,2,0,1,0,0,1,4,4,0,1,63,12,49,50,61,26,1,1,7,2
10,8,3,1,3,1,2,1,2,2,4,3,0,5,5,20,37,46,48,95,0,0,6,3
5,8,0,5,2,1,1,3,3,2,3,1,1,4,76,2,95,3,4,48,1,0,6,1
8,2,1,4,1,3,3,1,2,1,3,4,2,2,91,31,70,93,85,74,0,0,9,3
5,0,3,5,3,2,0,0,3,2,5,1,3,5,7,64,23,57,99,92,0,1,9,3
10,7,0,0,4,2,2,1,0,0,4,0,0,4,35,98,21,38,10,70,1,1,9,2
7,7,2,5,3,2,2,2,3,4,2,1,0,2,70,36,18,53,0,34,0,1,6,2
6,5,3,3,0,2,3,1,2,4,0,3,0,5,19,49,64,77,53,19,0,0,4,1
10,1,3,4,1,2,0,2,0,5,2,2,2,0,52,33,84,53,77,45,0,1,5,3
2,10,0,5,5,2,3,1,1,4,0,1,3,4,53,57,50,55,64,18,0,1,5,3
7,9,5,2,2,1,0,3,0,5,0,1,0,5,27,62,62,87,12,44,0,0,5,4
4,5,5,2,1,1,2,2,1,1,5,5,0,4,37,26,59,99,26,94,1,1,5,4
8,1,1,0,1,3,2,0,1,3,3,4,3,2,77,37,1,93,48,21,0,1,5,4
6,1,1,5,5,3,2,2,0,0,2,0,2,5,29,41,27,15,55,2,0,0,5,4
10,3,1,2,0,3,2,2,3,3,0,1,2,1,83,46,82,54,26,51,0,1,6,2
5,7,4,4,3,0,1,2,0,3,0,1,1,4,36,94,4,6,24,74,0,0,6,3
6,6,0,1,2,0,3,3,1,3,2,5,1,4,99,69,25,33,89,91,1,1,6,1
3,4,5,4,1,3,0,2,2,4,3,3,2,1,97,64,50,40,70,34,0,0,6,4
4,5,4,4,2,1,3,1,0,2,2,3,2,4,17,21,25,3,20,76,1,0,6,1
3,4,0,4,2,2,0,3,0,1,0,3,1,0,57,98,34,51,80,33,1,0,8,3
7,6,4,3,0,0,3,1,2,3,3,1,3,5,45,22,52,31,3,69,0,1,4,4
7,8,1,4,4,0,2,3,2,4,0,4,0,5,80,2,21,46,37,15,0,1,8,2
9,1,2,2,3,3,0,1,0,0,1,3,2,4,32,21,55,37,48,9,1,1,6,3
8,1,1,5,2,1,1,2,1,1,3,4,0,4,67,31,10,87,86,10,0,1,6,3
6,1,0,1,2,2,3,3,0,2,1,0,3,2,55,92,92,1,81,50,0,0,6,3
3,9,4,0,2,0,2,1,2,0,1,3,1,1,18,65,72,74,33,2,0,1,8,1
3,8,1,3,3,2,1,3,1,2,4,5,2,4,43,3,64,83,20,57,1,0,6,2
10,5,0,0,3,3,3,3,2,1,0,1,3,4,24,30,3,11,83,49,0,1,8,3
1,8,1,5,1,3,3,3,1,2,2,3,0,4,74,22,24,8,11,85,1,0,7,3
2,2,3,3,4,1,2,3,2,2,1,4,2,2,12,50,26,1,74,65,0,1,6,4
0,10,1,0,2,1,1,0,3,2,4,1,2,5,79,40,57,53,98,42,0,0,6,4
7,1,3,0,3,1,0,3,0,2,0,0,0,0,70,44,21,89,88,1,1,0,4,4
1,4,0,1,0,0,1,1,0,5,4,5,3,4,26,63,2,15,96,92,1,0,6,2
5,2,1,4,3,2,1,0,0,1,5,2,2,5,60,2,68,61,73,32,1,1,6,4
10,8,4,2,5,1,3,0,0,2,4,4,3,3,37,49,29,40,76,23,1,1,6,3
0,6,3,3,4,1,0,1,0,4,1,3,0,1,99,70,15,49,18,30,0,1,6,1
0,4,5,2,3,3,3,2,2,3,4,4,3,3,30,69,90,44,35,49,1,1,7,3
10,2,1,1,1,0,1,1,1,2,0,2,3,2,64,100,95,77,62,79,1,0,8,2
0,4,3,4,1,3,3,0,0,0,1,3,1,0,32,32,46,12,35,84,1,0,5,1
1,0,4,5,4,1,1,0,1,2,1,3,3,0,54,71,6,2,59,97,0,1,4,1
10,1,0,4,3,1,2,3,2,1,4,1,2,0,47,36,27,29,43,79,1,0,6,2
6,1,3,4,3,0,0,1,3,5,5,4,1,1,62,23,98,35,79,31,0,1,8,1
3,0,5,3,3,1,3,3,3,1,2,0,1,0,80,9,99,90,77,24,0,1,4,3
7,0,0,5,0,3,1,3,2,5,3,0,1,0,40,62,16,15,50,60,1,0,7,3
9,7,3,3,3,1,2,3,0,1,2,1,3,5,83,18,66,41,63,0,1,0,6,3
5,10,2,1,5,3,3,0,3,5,1,3,3,1,76,76,22,81,44,81,0,0,6,2
10,7,0,4,1,3,1,1,1,3,1,5,0,2,47,39,6,37,82,18,0,0,5,2
2,3,0,1,4,1,1,0,3,5,2,4,3,3,52,98,37,3,92,94,1,0,4,2
8,3,0,2,5,3,2,3,1,5,3,3,0,1,13,78,10,82,64,1,1,1,7,1
7,2,3,0,3,1,2,1,0,3,0,0,3,5,65,67,90,16,84,22,1,1,6,3
4,5,0,5,2,2,0,0,3,3,0,0,1,4,37,88,67,5,90,49,0,0,6,2
4,10,0,5,4,1,1,2,0,5,4,4,1,1,23,41,13,66,84,32,1,1,6,1
10,10,0,5,1,2,2,0,3,1,4,3,2,3,61,74,17,58,61,81,1,0,6,3
4,2,0,1,2,1,1,3,0,2,3,4,0,3,100,71,61,14,64,74,1,1,6,2
8,7,3,2,1,1,1,0,0,3,1,4,1,5,35,84,34,67,82,54,0,0,6,2
7,4,1,4,5,0,2,1,3,4,5,3,3,1,95,39,78,70,86,99,1,1,6,2
4,5,4,3,2,3,3,0,3,1,0,0,0,0,96,21,77,18,7,57,1,0,4,4
10,8,0,3,2,0,2,3,3,5,4,0,3,3,34,90,76,32,56,19,1,0,6,2
8,2,1,4,0,1,0,1,1,2,0,4,0,2,84,69,84,61,38,85,1,1,7,4
0,5,2,3,0,0,3,0,1,2,3,4,1,4,61,79,63,10,45,94,1,1,6,3
8,8,2,3,0,0,1,0,3,0,2,2,3,0,34,38,49,54,32,30,1,0,6,4
7,10,5,3,2,2,2,0,2,0,3,5,2,1,64,30,15,87,33,94,1,1,6,3
0,1,2,3,5,2,1,0,3,2,1,0,0,0,47,63,25,25,58,99,0,0,5,3
0,4,0,4,2,0,0,1,2,4,0,1,1,5,68,27,17,20,54,8,0,0,6,2
6,3,0,2,3,3,1,1,0,2,0,5,3,2,94,94,57,87,81,79,0,1,6,4
9,0,4,5,4,3,2,2,0,2,2,0,0,0,42,26,59,73,85,18,1,1,6,4
10,2,4,3,3,1,1,3,3,0,2,2,0,5,0,94,4,17,30,58,1,0,6,2
8,1,3,1,1,0,3,1,0,0,3,1,0,0,25,4,64,48,2,25,0,1,8,2
1,6,1,1,5,1,0,2,1,1,1,1,2,4,96,83,74,62,90,21,1,1,6,4
2,7,0,2,4,3,3,3,2,1,3,5,1,4,92,93,32,97,82,45,0,1,6,2
5,6,0,4,1,3,0,2,0,3,3,4,3,4,89,66,95,94,2,33,1,1,4,4
4,9,1,1,4,2,1,1,3,2,2,5,2,5,40,11,90,63,97,31,1,1,5,3
10,4,4,3,0,2,3,1,1,1,1,1,2,2,3,87,4,19,96,14,0,1,6,3
10,8,0,1,3,3,1,0,2,4,1,4,2,3,77,12,20,59,59,10,1,1,6,4
10,0,5,3,1,2,0,1,2,5,0,2,2,5,82,11,77,0,75,9,0,0,6,3
5,4,1,0,5,3,3,1,2,0,4,1,0,4,100,5,1,66,21,80,1,0,6,1
6,3,1,5,1,3,3,2,2,4,0,0,1,2,34,69,82,93,9,66,1,0,6,2
6,4,1,0,4,3,0,3,2,4,0,2,3,3,58,100,85,11,47,52,0,1,6,3
2,2,4,9,3,2,4,3,1,5,1,2,0,3,10,10,80,30,20,8,20,30,5,1
3,2,0,8,3,1,2,0,4,7,3,2,2,6,50,50,70,80,80,50,50,70,6,3
1,2,5,8,3,1,4,1,2,4,5,5,2,3,3,10,40,20,80,40,40,30,6,2
1,3,4,0,1,0,2,0,2,5,2,0,0,3,30,0,50,0,0,0,0,20,6,4
4,5,9,8,8,5,5,1,4,6,7,5,4,7,70,30,50,60,60,40,10,50,6,1
2,0,0,0,0,2,0,0,0,3,1,0,0,2,0,0,0,1,75,99,0,70,6,1
2,2,2,4,3,2,2,2,2,2,1,3,4,2,0,78,90,50,70,60,60,80,6,1
3,7,8,8,5,4,3,1,9,10,9,5,7,9,70,50,80,70,100,20,30,90,8,1
9,0,0,0,2,0,0,0,0,2,0,3,0,1,1,50,70,70,0,20,0,0,6,2
1,3,2,0,2,1,3,5,2,1,3,0,1,3,99,80,90,100,50,30,80,40,6,1
2,2,1,3,1,2,4,2,2,3,1,2,1,4,69,30,30,20,10,10,10,10,5,1
5,3,4,0,1,2,2,2,2,3,1,2,1,3,50,50,70,50,50,0,100,60,5,1
6,3,9,6,8,1,8,1,5,5,6,2,0,8,50,25,70,25,10,20,5,40,5,1
2,3,5,1,1,0,2,2,1,3,2,3,1,4,0,0,30,2,50,6,3,5,5,1
4,1,3,2,2,2,2,1,1,3,2,6,6,3,3,7,10,100,100,50,40,100,6,2
5,8,5,2,3,2,3,4,2,7,7,2,10,6,1,6,6,1,4,6,3,0,6,1
6,0,1,0,1,0,4,0,1,7,4,4,4,5,0,20,60,100,100,6,90,70,5,1
5,1,1,1,0,0,0,0,1,2,1,1,1,1,30,10,50,30,70,7,0,0,6,2
2,0,2,0,1,2,2,0,1,0,3,3,0,5,50,0,50,99,0,15,10,50,5,1
5,0,1,0,0,0,1,0,0,0,0,0,0,2,0,0,0,2,2,2,2,1,6,1
5,3,3,0,2,4,2,1,1,1,1,0,1,2,10,50,70,70,30,10,5,40,6,1
5,1,4,6,1,1,4,4,2,4,4,5,5,5,98,70,97,40,60,35,60,45,6,1
6,4,3,3,3,3,3,2,2,4,3,3,2,7,30,10,50,20,30,30,20,30,5,1
9,9,2,9,9,6,5,5,2,8,8,9,7,8,95,60,95,99,95,30,80,60,7,1
1,2,1,2,2,1,1,2,1,3,3,2,1,1,80,90,90,30,30,10,10,30,6,1
3,2,2,5,3,2,4,5,5,4,4,6,6,4,90,0,100,70,50,20,60,80,5,1
10,0,0,4,1,1,1,2,2,8,3,6,1,5,20,100,70,50,50,60,5,5,7,1
3,1,2,0,1,4,3,0,0,2,0,0,0,2,5,5,90,5,10,15,5,15,6,2
3,0,1,0,1,4,2,1,1,0,0,1,0,1,80,20,50,50,60,2,40,10,6,1
3,1,3,0,2,0,2,0,1,0,1,0,0,2,2,0,30,50,0,10,10,70,6,1
3,0,0,1,1,0,2,0,0,0,0,0,0,0,0,0,50,100,70,1,20,100,5,1
2,0,2,3,3,1,3,0,3,3,0,3,2,1,0,0,10,100,50,10,50,100,7,3
1,2,2,3,2,4,4,5,4,3,3,4,3,2,50,70,50,40,50,43,40,50,6,3
2,3,3,1,1,1,2,0,2,3,1,1,0,3,20,0,50,10,40,3,0,20,7,1
6,4,2,5,5,5,4,3,3,6,3,4,1,8,3,0,70,20,60,0,2,80,7,1
2,2,4,0,1,0,1,2,1,2,0,1,0,2,50,0,50,20,60,0,10,80,7,2
2,2,5,0,2,0,2,0,1,1,0,0,0,1,50,20,50,30,30,10,20,20,6,1
4,4,1,4,2,0,1,6,2,3,3,2,3,4,40,10,20,50,60,40,30,20,7,1
2,1,1,0,1,1,2,3,1,1,0,1,0,2,70,20,70,30,50,10,60,40,6,2
1,2,4,0,6,2,1,1,0,2,2,4,3,1,85,6,0,4,50,0,85,100,6,1
2,2,4,1,3,0,6,0,2,2,2,4,1,4,0,70,50,40,10,20,40,20,5,1
3,1,1,0,3,0,2,0,1,3,2,4,1,4,5,5,60,70,10,7,30,50,7,1
2,0,2,2,1,1,1,5,1,0,0,2,1,2,0,5,50,50,100,50,100,50,7,2
3,4,1,5,5,5,5,5,5,5,5,8,1,2,50,60,50,20,30,10,20,30,6,2
4,6,6,3,3,4,3,2,2,4,1,3,0,2,50,50,90,60,20,50,10,10,6,1
4,4,2,0,1,5,1,2,3,0,1,3,0,4,20,70,50,20,40,0,5,0,6,2
2,1,2,0,2,0,2,0,1,3,2,2,1,1,10,0,96,45,98,25,50,50,6,2
1,1,1,1,1,2,2,2,0,1,0,1,1,3,50,30,88,20,10,3,6,3,6,2
3,1,3,2,1,2,2,1,2,4,1,0,0,2,10,5,50,0,0,7,0,0,6,2
6,1,1,1,2,1,1,1,1,1,1,1,2,1,100,100,100,10,10,10,10,10,6,2
5,2,2,3,0,2,3,2,3,4,3,1,0,3,0,0,5,0,3,50,0,2,5,1
7,6,4,4,6,7,8,9,6,6,7,8,9,9,50,50,40,50,50,50,50,50,5,1
2,5,0,4,2,1,0,2,3,8,6,4,2,7,0,50,90,90,90,30,0,50,6,1
6,2,6,9,2,1,2,0,2,3,3,1,1,5,35,20,40,60,50,30,40,40,8,3
5,5,1,5,0,0,0,0,5,7,8,5,5,8,0,0,90,90,90,20,0,20,6,3
2,3,2,3,3,1,2,3,4,1,3,3,1,3,20,30,30,50,60,20,30,50,5,2
7,6,4,9,8,5,4,3,8,9,7,5,6,3,50,30,70,70,60,40,30,40,5,1
3,4,3,7,3,2,1,0,2,2,1,3,1,2,30,56,80,40,20,70,25,50,6,3
2,1,2,0,1,1,3,1,7,4,3,4,2,4,66,90,50,50,40,30,70,50,7,4
8,0,1,0,1,1,0,2,0,1,0,2,0,2,0,3,20,50,50,50,0,20,6,4
3,1,3,2,3,4,4,3,2,3,3,4,4,5,80,70,60,50,40,50,20,60,7,3
9,1,0,2,4,1,5,3,4,4,6,2,0,9,10,20,30,40,50,20,65,86,4,2
3,4,4,2,2,1,0,1,1,2,1,1,1,2,20,40,70,50,90,10,30,10,5,1
6,1,0,0,1,2,1,0,1,3,1,1,6,8,0,50,50,80,70,70,30,60,6,2
7,1,3,1,1,3,1,2,1,2,1,5,1,8,50,50,20,40,50,30,10,20,6,2
10,5,5,7,3,4,4,2,4,5,5,5,5,6,40,60,50,100,50,40,50,40,5,2
3,1,2,5,5,1,3,4,3,3,0,2,6,5,65,55,25,50,70,40,35,80,6,4
5,1,2,1,3,1,6,1,3,1,2,1,2,4,30,30,70,30,30,10,40,20,6,4
3,6,9,2,1,1,1,3,1,1,2,4,2,3,30,35,60,75,45,80,40,45,7,2
10,1,1,1,1,0,0,0,1,6,1,1,0,8,40,10,50,50,20,10,50,20,6,4
4,0,0,2,1,1,1,0,0,2,1,2,1,1,0,10,25,0,50,30,0,0,6,1
3,4,1,1,3,0,0,0,1,3,0,1,0,2,10,20,30,20,30,10,30,10,6,4
3,1,0,2,3,3,3,4,3,7,4,3,3,2,30,50,70,10,50,0,5,0,7,1
6,1,0,2,0,3,0,2,3,1,3,3,1,4,20,10,50,20,40,30,10,20,6,4
8,1,1,0,1,2,2,4,3,0,5,3,8,2,40,10,50,6,50,10,30,10,6,4
7,6,0,6,0,0,0,5,4,6,6,3,1,7,0,0,80,50,40,20,0,20,6,4
5,5,3,3,4,5,3,3,2,4,3,5,3,3,50,50,75,50,50,20,30,20,6,2
4,1,6,0,2,0,2,0,1,1,1,1,0,1,0,0,10,20,0,5,2,0,8,1
4,8,0,10,2,5,9,10,5,10,6,6,3,1,10,20,60,100,100,9,2,4,6,2
4,5,5,3,2,3,5,4,3,6,8,5,7,5,80,60,60,60,50,50,50,49,6,1
2,4,4,4,7,3,4,3,1,2,2,4,3,2,30,50,40,60,40,40,50,30,6,2
2,1,2,3,2,2,2,2,4,4,10,6,4,5,50,60,40,40,60,40,50,50,6,3
3,0,1,0,1,0,3,4,3,7,3,3,2,6,10,0,100,90,50,6,50,40,5,2
2,2,5,6,5,1,2,2,4,5,4,4,5,4,59,57,30,60,60,50,40,60,6,4
4,3,1,4,3,4,2,6,3,6,3,2,2,8,60,50,60,50,70,60,30,60,5,3
3,0,1,3,1,0,2,1,4,2,0,2,1,1,10,0,50,20,50,3,20,0,6,1
2,2,5,2,2,3,2,3,1,2,2,2,1,3,50,50,90,40,40,2,2,7,6,1
3,5,2,3,2,2,0,0,3,3,4,1,0,5,50,30,20,10,0,20,30,0,6,4
3,3,3,5,1,7,3,7,7,1,2,4,6,5,20,10,50,60,20,50,20,60,5,2
2,1,4,1,1,1,2,0,1,0,1,2,1,5,10,20,50,100,90,30,90,100,7,1
4,2,3,3,1,3,2,2,5,4,2,1,4,3,50,60,70,80,100,50,90,100,6,2
2,1,5,3,1,2,0,0,1,1,0,2,0,3,0,0,0,100,100,50,30,60,6,1
3,4,5,0,1,1,2,0,1,0,0,0,0,1,10,0,75,15,10,0,0,0,6,4
5,5,8,8,5,5,4,2,5,7,3,6,3,6,60,30,50,40,60,40,10,40,6,1
1,1,4,2,1,2,5,2,3,3,3,3,2,1,20,30,40,50,60,10,20,10,6,2
5,2,1,1,0,2,1,0,2,4,1,3,1,3,0,40,30,20,10,20,40,0,6,4
1,1,0,1,1,0,0,0,2,1,1,1,1,2,10,20,10,20,10,20,10,20,6,4
2,2,4,1,1,4,2,0,2,2,2,4,1,3,30,10,40,60,50,60,60,80,5,4
0,2,0,3,1,1,1,1,1,4,1,1,1,2,25,35,15,25,80,45,80,75,7,4
4,1,0,2,0,1,1,3,2,4,4,3,1,4,20,10,80,30,20,10,30,20,6,3
4,1,1,1,2,1,2,2,3,1,5,1,0,1,30,20,30,50,50,20,30,10,6,3
2,2,1,2,1,1,2,1,1,2,1,2,0,3,1,0,5,1,2,3,0,10,7,1
4,2,0,1,1,1,0,0,0,1,0,1,0,1,70,0,80,80,80,50,60,60,8,2
1,2,8,4,3,3,3,1,2,1,2,4,1,5,50,50,100,30,40,9,40,20,5,2
7,2,4,3,0,1,0,3,4,8,8,0,0,7,0,10,50,20,30,10,10,20,6,3
3,2,2,2,2,5,2,2,1,2,1,3,0,3,20,20,70,70,40,30,30,40,5,2
4,1,1,1,2,1,2,1,1,1,1,1,0,1,5,1,90,20,30,5,20,40,5,3
10,2,2,1,1,2,1,1,0,4,1,3,1,5,20,20,10,30,20,50,10,30,6,3
8,2,1,1,3,2,0,0,2,4,1,0,1,3,30,60,20,30,50,10,10,0,6,3
6,2,1,2,1,0,0,2,1,0,3,0,3,1,0,20,30,40,10,40,0,10,6,3
6,1,3,3,3,0,0,1,3,5,5,1,2,3,20,30,40,20,10,30,10,10,6,3
6,1,3,2,1,0,0,0,1,2,1,1,0,4,20,0,60,40,20,60,20,10,5,1
1,3,2,7,3,2,1,0,2,1,2,4,5,4,50,55,65,20,40,25,50,45,7,4
3,4,1,3,0,1,3,4,1,1,3,10,1,1,85,65,75,45,25,10,35,80,7,3
0,1,1,2,2,1,1,0,1,2,6,7,3,4,56,73,15,15,84,63,27,84,5,4
3,8,2,1,2,2,3,2,0,5,0,3,2,4,76,9,38,76,60,84,1,1,5,4
2,6,1,1,5,0,3,1,1,1,2,0,2,2,68,59,48,50,80,92,0,1,4,4
9,6,0,5,3,0,0,2,1,2,3,3,3,5,45,58,50,16,62,34,0,1,7,1
8,0,2,5,1,3,2,3,3,0,0,0,3,3,66,78,76,82,95,68,0,1,6,2
3,10,2,4,1,3,2,3,3,2,1,1,0,5,100,62,81,31,77,70,1,0,6,2
1,3,5,3,3,2,3,3,1,5,1,4,3,3,3,15,56,15,19,68,0,1,5,1
10,3,5,2,2,0,1,0,0,1,4,4,0,1,63,12,49,50,61,26,1,1,6,2
10,8,3,1,3,1,2,1,2,2,4,3,0,5,5,20,37,46,48,95,0,0,6,3
5,8,0,5,2,1,1,3,3,2,3,1,1,4,76,2,95,3,4,48,1,0,7,1
8,2,1,4,1,3,3,1,2,1,3,4,2,2,91,31,70,93,85,74,0,0,6,3
5,0,3,5,3,2,0,0,3,2,5,1,3,5,7,64,23,57,99,92,0,1,6,3
10,7,0,0,4,2,2,1,0,0,4,0,0,4,35,98,21,38,10,70,1,1,6,2
7,7,2,5,3,2,2,2,3,4,2,1,0,2,70,36,18,53,0,34,0,1,6,2
6,5,3,3,0,2,3,1,2,4,0,3,0,5,19,49,64,77,53,19,0,0,6,1
10,1,3,4,1,2,0,2,0,5,2,2,2,0,52,33,84,53,77,45,0,1,1,3
2,10,0,5,5,2,3,1,1,4,0,1,3,4,53,57,50,55,64,18,0,1,6,3
7,9,5,2,2,1,0,3,0,5,0,1,0,5,27,62,62,87,12,44,0,0,2,4
4,5,5,2,1,1,2,2,1,1,5,5,0,4,37,26,59,99,26,94,1,1,2,4
8,1,1,0,1,3,2,0,1,3,3,4,3,2,77,37,1,93,48,21,0,1,6,4
6,1,1,5,5,3,2,2,0,0,2,0,2,5,29,41,27,15,55,2,0,0,6,4
10,3,1,2,0,3,2,2,3,3,0,1,2,1,83,46,82,54,26,51,0,1,6,2
5,7,4,4,3,0,1,2,0,3,0,1,1,4,36,94,4,6,24,74,0,0,5,3
6,6,0,1,2,0,3,3,1,3,2,5,1,4,99,69,25,33,89,91,1,1,6,1
3,4,5,4,1,3,0,2,2,4,3,3,2,1,97,64,50,40,70,34,0,0,6,4
4,5,4,4,2,1,3,1,0,2,2,3,2,4,17,21,25,3,20,76,1,0,6,1
3,4,0,4,2,2,0,3,0,1,0,3,1,0,57,98,34,51,80,33,1,0,6,3
7,6,4,3,0,0,3,1,2,3,3,1,3,5,45,22,52,31,3,69,0,1,6,4
7,8,1,4,4,0,2,3,2,4,0,4,0,5,80,2,21,46,37,15,0,1,6,2
9,1,2,2,3,3,0,1,0,0,1,3,2,4,32,21,55,37,48,9,1,1,6,3
8,1,1,5,2,1,1,2,1,1,3,4,0,4,67,31,10,87,86,10,0,1,6,3
6,1,0,1,2,2,3,3,0,2,1,0,3,2,55,92,92,1,81,50,0,0,6,3
3,9,4,0,2,0,2,1,2,0,1,3,1,1,18,65,72,74,33,2,0,1,6,1
3,8,1,3,3,2,1,3,1,2,4,5,2,4,43,3,64,83,20,57,1,0,6,2
10,5,0,0,3,3,3,3,2,1,0,1,3,4,24,30,3,11,83,49,0,1,6,3
1,8,1,5,1,3,3,3,1,2,2,3,0,4,74,22,24,8,11,85,1,0,6,3
2,2,3,3,4,1,2,3,2,2,1,4,2,2,12,50,26,1,74,65,0,1,6,4
0,10,1,0,2,1,1,0,3,2,4,1,2,5,79,40,57,53,98,42,0,0,6,4
7,1,3,0,3,1,0,3,0,2,0,0,0,0,70,44,21,89,88,1,1,0,6,4
1,4,0,1,0,0,1,1,0,5,4,5,3,4,26,63,2,15,96,92,1,0,6,2
5,2,1,4,3,2,1,0,0,1,5,2,2,5,60,2,68,61,73,32,1,1,6,4
10,8,4,2,5,1,3,0,0,2,4,4,3,3,37,49,29,40,76,23,1,1,6,3
0,6,3,3,4,1,0,1,0,4,1,3,0,1,99,70,15,49,18,30,0,1,6,1
0,4,5,2,3,3,3,2,2,3,4,4,3,3,30,69,90,44,35,49,1,1,6,3
10,2,1,1,1,0,1,1,1,2,0,2,3,2,64,100,95,77,62,79,1,0,6,2
0,4,3,4,1,3,3,0,0,0,1,3,1,0,32,32,46,12,35,84,1,0,6,1
1,0,4,5,4,1,1,0,1,2,1,3,3,0,54,71,6,2,59,97,0,1,6,1
10,1,0,4,3,1,2,3,2,1,4,1,2,0,47,36,27,29,43,79,1,0,6,2
6,1,3,4,3,0,0,1,3,5,5,4,1,1,62,23,98,35,79,31,0,1,6,1
3,0,5,3,3,1,3,3,3,1,2,0,1,0,80,9,99,90,77,24,0,1,6,3
7,0,0,5,0,3,1,3,2,5,3,0,1,0,40,62,16,15,50,60,1,0,6,3
9,7,3,3,3,1,2,3,0,1,2,1,3,5,83,18,66,41,63,0,1,0,6,3
5,10,2,1,5,3,3,0,3,5,1,3,3,1,76,76,22,81,44,81,0,0,6,2
10,7,0,4,1,3,1,1,1,3,1,5,0,2,47,39,6,37,82,18,0,0,5,2
2,3,0,1,4,1,1,0,3,5,2,4,3,3,52,98,37,3,92,94,1,0,4,2
8,3,0,2,5,3,2,3,1,5,3,3,0,1,13,78,10,82,64,1,1,1,7,1
7,2,3,0,3,1,2,1,0,3,0,0,3,5,65,67,90,16,84,22,1,1,6,3
4,5,0,5,2,2,0,0,3,3,0,0,1,4,37,88,67,5,90,49,0,0,6,2
4,10,0,5,4,1,1,2,0,5,4,4,1,1,23,41,13,66,84,32,1,1,5,1
10,10,0,5,1,2,2,0,3,1,4,3,2,3,61,74,17,58,61,81,1,0,3,3
4,2,0,1,2,1,1,3,0,2,3,4,0,3,100,71,61,14,64,74,1,1,7,2
8,7,3,2,1,1,1,0,0,3,1,4,1,5,35,84,34,67,82,54,0,0,6,2
7,4,1,4,5,0,2,1,3,4,5,3,3,1,95,39,78,70,86,99,1,1,6,2
4,5,4,3,2,3,3,0,3,1,0,0,0,0,96,21,77,18,7,57,1,0,6,4
10,8,0,3,2,0,2,3,3,5,4,0,3,3,34,90,76,32,56,19,1,0,6,2
8,2,1,4,0,1,0,1,1,2,0,4,0,2,84,69,84,61,38,85,1,1,7,4
0,5,2,3,0,0,3,0,1,2,3,4,1,4,61,79,63,10,45,94,1,1,4,3
8,8,2,3,0,0,1,0,3,0,2,2,3,0,34,38,49,54,32,30,1,0,6,4
7,10,5,3,2,2,2,0,2,0,3,5,2,1,64,30,15,87,33,94,1,1,6,3
0,1,2,3,5,2,1,0,3,2,1,0,0,0,47,63,25,25,58,99,0,0,5,3
0,4,0,4,2,0,0,1,2,4,0,1,1,5,68,27,17,20,54,8,0,0,6,2
6,3,0,2,3,3,1,1,0,2,0,5,3,2,94,94,57,87,81,79,0,1,6,4
9,0,4,5,4,3,2,2,0,2,2,0,0,0,42,26,59,73,85,18,1,1,6,4
10,2,4,3,3,1,1,3,3,0,2,2,0,5,0,94,4,17,30,58,1,0,6,2
8,1,3,1,1,0,3,1,0,0,3,1,0,0,25,4,64,48,2,25,0,1,8,2
1,6,1,1,5,1,0,2,1,1,1,1,2,4,96,83,74,62,90,21,1,1,4,4
2,7,0,2,4,3,3,3,2,1,3,5,1,4,92,93,32,97,82,45,0,1,2,2
5,6,0,4,1,3,0,2,0,3,3,4,3,4,89,66,95,94,2,33,1,1,4,4
4,9,1,1,4,2,1,1,3,2,2,5,2,5,40,11,90,63,97,31,1,1,5,3
10,4,4,3,0,2,3,1,1,1,1,1,2,2,3,87,4,19,96,14,0,1,8,3
10,8,0,1,3,3,1,0,2,4,1,4,2,3,77,12,20,59,59,10,1,1,6,4
10,0,5,3,1,2,0,1,2,5,0,2,2,5,82,11,77,0,75,9,0,0,6,3
5,4,1,0,5,3,3,1,2,0,4,1,0,4,100,5,1,66,21,80,1,0,6,1
6,3,1,5,1,3,3,2,2,4,0,0,1,2,34,69,82,93,9,66,1,0,6,2
6,4,1,0,4,3,0,3,2,4,0,2,3,3,58,100,85,11,47,52,0,1,9,3
3,3,1,1,5,2,2,2,3,5,1,5,1,0,63,72,15,11,76,7,1,1,6,4
0,2,5,3,3,1,3,2,1,4,3,3,3,0,41,9,39,83,31,77,1,0,6,1
8,0,5,4,2,1,1,2,2,4,5,1,0,5,86,41,68,40,19,73,0,1,5,1
4,6,3,0,1,3,3,3,1,4,5,5,3,0,50,9,99,69,35,67,0,1,6,1
9,4,3,0,2,3,2,2,3,5,5,0,0,0,62,9,96,92,12,60,0,1,6,4
1,8,0,1,3,1,3,0,1,3,2,5,3,3,20,53,97,29,41,64,0,0,5,4
3,2,0,2,4,1,2,2,3,0,4,4,1,3,73,2,25,72,55,36,0,0,5,1
0,7,2,2,5,2,0,1,3,4,2,2,3,4,66,70,98,10,33,96,1,0,6,2
0,3,0,2,1,1,2,2,1,1,0,1,1,1,90,61,13,3,48,47,1,1,6,4
9,2,5,1,4,3,3,2,0,0,3,0,0,2,40,4,47,61,3,28,0,0,6,4
1,4,2,5,0,3,2,0,2,4,5,2,1,0,46,89,72,78,11,90,1,1,6,2
9,9,2,4,1,3,1,0,1,0,1,3,3,1,20,39,21,96,17,38,1,1,6,3
4,10,3,2,0,1,0,0,2,3,2,5,1,2,62,68,75,75,62,85,1,0,6,4
2,6,0,0,4,0,3,1,0,1,1,2,0,3,37,10,50,93,20,94,1,0,6,2
2,2,4,9,3,2,4,3,1,5,1,2,0,3,10,10,80,30,20,8,20,30,6,1
3,2,0,8,3,1,2,0,4,7,3,2,2,6,50,50,70,80,80,50,50,70,6,3
1,2,5,8,3,1,4,1,2,4,5,5,2,3,3,10,40,20,80,40,40,30,6,2
1,3,4,0,1,0,2,0,2,5,2,0,0,3,30,0,50,0,0,0,0,20,6,4
4,5,9,8,8,5,5,1,4,6,7,5,4,7,70,30,50,60,60,40,10,50,6,1
2,0,0,0,0,2,0,0,0,3,1,0,0,2,0,0,0,1,75,99,0,70,6,1
2,2,2,4,3,2,2,2,2,2,1,3,4,2,0,78,90,50,70,60,60,80,6,1
3,7,8,8,5,4,3,1,9,10,9,5,7,9,70,50,80,70,100,20,30,90,6,1
9,0,0,0,2,0,0,0,0,2,0,3,0,1,1,50,70,70,0,20,0,0,6,2
1,3,2,0,2,1,3,5,2,1,3,0,1,3,99,80,90,100,50,30,80,40,6,1
2,2,1,3,1,2,4,2,2,3,1,2,1,4,69,30,30,20,10,10,10,10,5,1
5,3,4,0,1,2,2,2,2,3,1,2,1,3,50,50,70,50,50,0,100,60,5,1
6,3,9,6,8,1,8,1,5,5,6,2,0,8,50,25,70,25,10,20,5,40,5,1
2,3,5,1,1,0,2,2,1,3,2,3,1,4,0,0,30,2,50,6,3,5,5,1
4,1,3,2,2,2,2,1,1,3,2,6,6,3,3,7,10,100,100,50,40,100,6,2
5,8,5,2,3,2,3,4,2,7,7,2,10,6,1,6,6,1,4,6,3,0,6,1
6,0,1,0,1,0,4,0,1,7,4,4,4,5,0,20,60,100,100,6,90,70,5,1
5,1,1,1,0,0,0,0,1,2,1,1,1,1,30,10,50,30,70,7,0,0,6,2
2,0,2,0,1,2,2,0,1,0,3,3,0,5,50,0,50,99,0,15,10,50,5,1
5,0,1,0,0,0,1,0,0,0,0,0,0,2,0,0,0,2,2,2,2,1,6,1
5,3,3,0,2,4,2,1,1,1,1,0,1,2,10,50,70,70,30,10,5,40,6,1
5,1,4,6,1,1,4,4,2,4,4,5,5,5,98,70,97,40,60,35,60,45,6,1
6,4,3,3,3,3,3,2,2,4,3,3,2,7,30,10,50,20,30,30,20,30,5,1
9,9,2,9,9,6,5,5,2,8,8,9,7,8,95,60,95,99,95,30,80,60,7,1
1,2,1,2,2,1,1,2,1,3,3,2,1,1,80,90,90,30,30,10,10,30,6,1
3,2,2,5,3,2,4,5,5,4,4,6,6,4,90,0,100,70,50,20,60,80,5,1
10,0,0,4,1,1,1,2,2,8,3,6,1,5,20,100,70,50,50,60,5,5,7,1
3,1,2,0,1,4,3,0,0,2,0,0,0,2,5,5,90,5,10,15,5,15,6,2
3,0,1,0,1,4,2,1,1,0,0,1,0,1,80,20,50,50,60,2,40,10,6,1
3,1,3,0,2,0,2,0,1,0,1,0,0,2,2,0,30,50,0,10,10,70,6,1
3,0,0,1,1,0,2,0,0,0,0,0,0,0,0,0,50,100,70,1,20,100,5,1
2,0,2,3,3,1,3,0,3,3,0,3,2,1,0,0,10,100,50,10,50,100,7,3
1,2,2,3,2,4,4,5,4,3,3,4,3,2,50,70,50,40,50,43,40,50,6,3
2,3,3,1,1,1,2,0,2,3,1,1,0,3,20,0,50,10,40,3,0,20,7,1
6,4,2,5,5,5,4,3,3,6,3,4,1,8,3,0,70,20,60,0,2,80,7,1
2,2,4,0,1,0,1,2,1,2,0,1,0,2,50,0,50,20,60,0,10,80,7,2
2,2,5,0,2,0,2,0,1,1,0,0,0,1,50,20,50,30,30,10,20,20,6,1
4,4,1,4,2,0,1,6,2,3,3,2,3,4,40,10,20,50,60,40,30,20,7,1
2,1,1,0,1,1,2,3,1,1,0,1,0,2,70,20,70,30,50,10,60,40,6,2
1,2,4,0,6,2,1,1,0,2,2,4,3,1,85,6,0,4,50,0,85,100,6,1
2,2,4,1,3,0,6,0,2,2,2,4,1,4,0,70,50,40,10,20,40,20,5,1
3,1,1,0,3,0,2,0,1,3,2,4,1,4,5,5,60,70,10,7,30,50,7,1
2,0,2,2,1,1,1,5,1,0,0,2,1,2,0,5,50,50,100,50,100,50,7,2
3,4,1,5,5,5,5,5,5,5,5,8,1,2,50,60,50,20,30,10,20,30,6,2
4,6,6,3,3,4,3,2,2,4,1,3,0,2,50,50,90,60,20,50,10,10,6,1
4,4,2,0,1,5,1,2,3,0,1,3,0,4,20,70,50,20,40,0,5,0,6,2
2,1,2,0,2,0,2,0,1,3,2,2,1,1,10,0,96,45,98,25,50,50,6,2
1,1,1,1,1,2,2,2,0,1,0,1,1,3,50,30,88,20,10,3,6,3,6,2
3,1,3,2,1,2,2,1,2,4,1,0,0,2,10,5,50,0,0,7,0,0,6,2
6,1,1,1,2,1,1,1,1,1,1,1,2,1,100,100,100,10,10,10,10,10,6,2
5,2,2,3,0,2,3,2,3,4,3,1,0,3,0,0,5,0,3,50,0,2,5,1
7,6,4,4,6,7,8,9,6,6,7,8,9,9,50,50,40,50,50,50,50,50,5,1
2,5,0,4,2,1,0,2,3,8,6,4,2,7,0,50,90,90,90,30,0,50,6,1
6,2,6,9,2,1,2,0,2,3,3,1,1,5,35,20,40,60,50,30,40,40,8,3
5,5,1,5,0,0,0,0,5,7,8,5,5,8,0,0,90,90,90,20,0,20,6,3
2,3,2,3,3,1,2,3,4,1,3,3,1,3,20,30,30,50,60,20,30,50,5,2
7,6,4,9,8,5,4,3,8,9,7,5,6,3,50,30,70,70,60,40,30,40,5,1
3,4,3,7,3,2,1,0,2,2,1,3,1,2,30,56,80,40,20,70,25,50,6,3
2,1,2,0,1,1,3,1,7,4,3,4,2,4,66,90,50,50,40,30,70,50,7,4
8,0,1,0,1,1,0,2,0,1,0,2,0,2,0,3,20,50,50,50,0,20,6,4
3,1,3,2,3,4,4,3,2,3,3,4,4,5,80,70,60,50,40,50,20,60,7,3
9,1,0,2,4,1,5,3,4,4,6,2,0,9,10,20,30,40,50,20,65,86,4,2
3,4,4,2,2,1,0,1,1,2,1,1,1,2,20,40,70,50,90,10,30,10,5,1
6,1,0,0,1,2,1,0,1,3,1,1,6,8,0,50,50,80,70,70,30,60,6,2
7,1,3,1,1,3,1,2,1,2,1,5,1,8,50,50,20,40,50,30,10,20,6,2
10,5,5,7,3,4,4,2,4,5,5,5,5,6,40,60,50,100,50,40,50,40,5,2
3,1,2,5,5,1,3,4,3,3,0,2,6,5,65,55,25,50,70,40,35,80,3,4
5,1,2,1,3,1,6,1,3,1,2,1,2,4,30,30,70,30,30,10,40,20,6,4
3,6,9,2,1,1,1,3,1,1,2,4,2,3,30,35,60,75,45,80,40,45,7,2
10,1,1,1,1,0,0,0,1,6,1,1,0,8,40,10,50,50,20,10,50,20,6,4
4,0,0,2,1,1,1,0,0,2,1,2,1,1,0,10,25,0,50,30,0,0,6,1
3,4,1,1,3,0,0,0,1,3,0,1,0,2,10,20,30,20,30,10,30,10,6,4
3,1,0,2,3,3,3,4,3,7,4,3,3,2,30,50,70,10,50,0,5,0,7,1
6,1,0,2,0,3,0,2,3,1,3,3,1,4,20,10,50,20,40,30,10,20,6,4
8,1,1,0,1,2,2,4,3,0,5,3,8,2,40,10,50,6,50,10,30,10,6,4
7,6,0,6,0,0,0,5,4,6,6,3,1,7,0,0,80,50,40,20,0,20,6,4
5,5,3,3,4,5,3,3,2,4,3,5,3,3,50,50,75,50,50,20,30,20,6,2
4,1,6,0,2,0,2,0,1,1,1,1,0,1,0,0,10,20,0,5,2,0,8,1
4,8,0,10,2,5,9,10,5,10,6,6,3,1,10,20,60,100,100,9,2,4,6,2
4,5,5,3,2,3,5,4,3,6,8,5,7,5,80,60,60,60,50,50,50,49,6,1
2,4,4,4,7,3,4,3,1,2,2,4,3,2,30,50,40,60,40,40,50,30,6,2
2,1,2,3,2,2,2,2,4,4,10,6,4,5,50,60,40,40,60,40,50,50,6,3
3,0,1,0,1,0,3,4,3,7,3,3,2,6,10,0,100,90,50,6,50,40,5,2
2,2,5,6,5,1,2,2,4,5,4,4,5,4,59,57,30,60,60,50,40,60,6,4
4,3,1,4,3,4,2,6,3,6,3,2,2,8,60,50,60,50,70,60,30,60,5,3
3,0,1,3,1,0,2,1,4,2,0,2,1,1,10,0,50,20,50,3,20,0,6,1
2,2,5,2,2,3,2,3,1,2,2,2,1,3,50,50,90,40,40,2,2,7,6,1
7,7,2,1,2,1,1,0,0,3,1,3,1,3,46,81,30,70,71,61,0,0,6,2
6,1,1,1,2,1,1,1,1,1,1,1,2,1,100,100,100,10,10,10,10,10,6,2
4,4,2,0,1,5,1,2,3,0,1,3,0,4,20,70,50,20,40,0,5,0,6,2
5,9,2,1,3,2,2,0,2,4,1,3,2,2,62,78,25,76,56,72,0,0,6,2
2,1,0,0,1,1,1,1,0,1,0,1,0,1,70,12,73,48,61,25,60,47,6,2
2,3,2,3,3,1,2,3,4,1,3,3,1,3,20,30,30,50,60,20,30,50,5,2
4,3,4,0,1,1,1,1,1,2,1,2,4,5,14,42,54,77,57,74,34,52,6,2
3,8,0,1,4,3,3,1,2,2,2,4,1,2,85,85,27,90,66,59,0,0,6,2
2,0,2,1,1,0,1,4,1,0,0,2,1,1,1,4,56,49,99,46,93,50,6,2
8,1,3,1,1,0,3,1,0,0,3,1,0,0,25,4,64,48,2,25,0,1,8,2
10,5,5,7,3,4,4,2,4,5,5,5,5,6,40,60,50,100,50,40,50,40,5,2
6,1,3,1,1,0,2,1,0,0,2,0,0,0,21,4,61,38,1,21,0,0,7,2
9,3,1,2,0,3,2,2,2,3,0,1,2,1,77,46,80,53,29,45,4,4,6,2
2,2,2,1,2,0,1,2,2,1,1,2,0,2,31,18,37,38,60,12,22,61,5,2
6,1,1,1,2,1,1,1,1,1,1,1,2,1,100,100,100,10,10,10,10,10,6,2
8,0,2,5,1,3,2,3,3,0,0,0,3,3,66,78,76,82,95,68,0,1,5,2
2,0,1,0,1,0,2,2,2,5,2,2,1,3,10,0,98,68,73,15,50,44,5,2
9,5,0,3,1,3,1,1,1,2,1,5,0,3,47,41,9,37,75,20,2,4,5,2
5,1,0,0,1,1,1,0,1,2,1,1,5,7,2,48,50,79,67,70,30,58,6,2
3,1,2,0,1,4,3,0,0,2,0,0,0,2,5,5,90,5,10,15,5,15,6,2
3,5,7,1,1,1,1,2,1,1,1,3,2,3,26,36,58,75,47,78,38,46,6,2
6,1,0,2,3,1,3,3,4,2,4,2,0,6,14,24,30,44,54,20,50,70,4,2
0,4,0,4,2,0,0,1,2,4,0,1,1,5,68,27,17,20,54,8,0,0,6,2
6,3,2,1,1,3,1,2,3,0,1,2,0,4,11,80,29,18,35,26,3,0,6,2
5,1,1,1,2,1,1,1,1,1,1,1,1,1,99,99,100,10,10,9,10,10,5,2
3,1,2,0,1,4,3,0,0,2,0,0,0,2,5,5,90,5,10,15,5,15,6,2
3,4,1,4,4,5,4,4,3,4,4,6,1,2,50,55,62,34,39,14,24,25,6,2
7,1,0,2,1,1,1,1,1,3,0,1,0,1,20,61,77,83,5,47,0,0,6,2
1,2,2,3,3,1,2,2,3,1,3,3,1,3,17,27,31,45,62,22,31,47,5,2
1,4,0,1,0,0,1,1,0,5,4,5,3,4,26,63,2,15,96,92,1,0,6,2
9,3,4,2,2,0,1,0,0,1,3,4,0,1,65,10,45,49,58,24,0,1,7,2
5,1,1,0,1,2,1,0,1,3,1,3,6,5,1,31,32,88,82,61,34,77,6,2
0,6,1,1,4,1,0,1,2,3,2,2,2,3,69,70,94,10,36,93,1,0,6,2
2,1,3,1,0,1,3,1,2,2,2,2,1,1,22,24,42,44,62,9,14,7,6,2
4,2,3,3,1,3,2,2,5,4,2,1,4,3,50,60,70,80,100,50,90,100,6,2
3,1,2,1,1,2,2,0,1,3,0,0,0,2,9,5,55,0,1,8,0,2,6,2
8,2,1,1,3,1,0,0,1,3,1,0,1,3,30,59,20,30,51,10,9,0,6,3
7,2,1,1,1,0,0,1,0,1,2,0,2,2,5,20,24,37,12,42,2,15,6,3
4,1,0,1,1,1,1,1,1,2,2,1,0,2,12,5,85,24,25,7,24,30,5,3
5,1,1,1,2,1,1,1,1,0,3,1,0,2,30,20,39,44,49,15,18,6,6,3
2,0,2,3,2,1,2,0,2,3,0,2,1,1,1,0,11,98,50,10,49,97,7,3
6,2,6,9,2,1,2,0,2,3,3,1,1,5,35,20,40,60,50,30,40,40,8,3
8,4,2,3,3,1,1,1,0,1,3,4,1,3,53,39,18,65,81,15,0,1,6,3
3,4,1,1,2,1,1,1,1,3,1,2,2,3,59,90,75,10,46,70,0,1,6,3
3,0,4,2,3,1,2,2,3,1,2,0,1,0,77,9,98,88,78,24,0,1,5,3
10,8,3,1,3,1,2,1,2,2,4,3,0,5,5,20,37,46,48,95,0,0,6,3
4,1,0,1,0,1,1,2,1,3,3,2,0,3,15,7,83,26,23,8,26,26,5,3
9,5,3,3,2,1,1,2,0,1,1,1,2,5,82,16,68,32,65,1,0,0,6,3
6,2,0,0,3,2,1,3,1,3,0,1,3,2,56,97,87,7,59,51,0,0,6,3
1,2,2,3,2,3,3,4,3,2,2,3,2,2,48,68,52,40,47,45,38,50,6,3
9,6,3,2,4,1,2,0,0,1,3,4,2,3,44,44,24,51,78,19,0,1,6,3
9,7,3,1,4,1,2,0,0,2,3,3,2,3,36,49,28,39,74,22,1,0,6,3
2,0,2,3,3,1,3,0,3,3,0,3,2,1,0,0,10,100,50,10,50,100,7,3
4,1,0,2,0,1,0,3,2,4,4,2,0,4,17,10,76,28,21,10,27,20,6,3
4,7,1,1,3,2,0,1,2,2,2,4,2,4,41,14,89,61,94,32,0,1,4,3
4,1,2,3,2,1,2,1,2,1,4,1,0,2,31,20,33,53,50,23,33,19,6,3
5,7,4,4,3,0,1,2,0,3,0,1,1,4,36,94,4,6,24,74,0,0,5,3
4,1,0,2,0,1,0,3,2,4,4,2,0,4,18,10,78,29,20,10,28,20,6,3
4,8,1,1,3,2,0,1,2,2,2,4,2,4,40,11,89,62,96,31,0,1,5,3
2,0,2,3,3,1,3,0,3,3,0,3,2,1,0,0,10,100,50,10,50,100,7,3
8,2,1,4,1,3,3,1,2,1,3,4,2,2,91,31,70,93,85,74,0,0,8,3
7,1,1,1,2,2,0,1,1,0,2,2,1,2,31,20,46,41,48,12,11,4,6,3
2,0,2,3,3,1,3,0,3,3,0,3,2,1,0,0,10,100,50,10,50,100,7,3
8,2,1,1,3,2,0,0,2,4,1,0,1,3,30,60,20,30,50,10,10,0,6,3
2,1,2,3,2,2,2,2,4,4,10,6,4,5,50,60,40,40,60,40,50,50,6,3
4,5,1,4,0,0,0,0,4,6,7,5,4,7,6,1,90,85,91,21,0,16,5,3
6,1,0,4,0,2,1,2,1,4,2,0,1,0,39,67,13,13,45,62,0,0,6,3
3,2,0,8,3,1,2,0,4,7,3,2,2,6,50,50,70,80,80,50,50,70,6,3
3,4,0,4,2,2,0,3,0,1,0,3,1,0,57,98,34,51,80,33,1,0,7,3
1,3,4,2,2,2,2,2,1,3,3,3,2,2,33,63,89,45,41,48,0,1,6,3
0,6,1,4,1,2,2,2,1,2,1,2,0,3,68,30,24,11,21,87,0,0,5,3
2,0,2,3,3,1,3,0,3,3,0,3,2,1,0,0,10,100,50,10,50,100,7,3
10,4,4,3,0,2,3,1,1,1,1,1,2,2,3,87,4,19,96,14,0,1,7,3
8,6,1,3,1,2,0,0,1,0,1,2,3,1,13,33,23,78,14,38,0,3,6,3
2,0,2,3,3,1,3,0,3,3,0,3,2,1,0,0,10,100,50,10,50,100,7,3
3,2,0,8,3,1,2,0,4,7,3,2,2,6,50,50,70,80,80,50,50,70,6,3
2,0,2,3,3,1,3,0,3,3,0,3,2,1,0,0,10,100,50,10,50,100,7,3
6,2,6,9,2,1,2,0,2,3,3,1,1,5,35,20,40,60,50,30,40,40,8,3
1,0,1,3,3,2,1,0,2,2,1,0,0,0,45,62,23,22,56,91,0,0,5,3
1,1,2,2,2,4,4,4,3,3,3,4,3,2,51,70,50,40,49,43,38,50,6,3
1,1,2,3,2,2,2,2,4,3,8,5,3,4,50,62,42,40,57,40,47,50,6,3
3,4,1,3,0,1,3,4,1,1,3,10,1,1,85,65,75,45,25,10,35,80,7,3
6,2,3,3,1,2,1,2,0,4,2,2,2,1,44,45,86,49,62,46,0,1,5,3
3,1,2,2,2,3,3,3,1,2,3,4,3,4,80,69,60,49,39,48,20,60,7,3
0,4,1,2,0,0,2,0,1,2,2,3,1,3,60,80,65,10,45,90,0,1,6,3
1,0,2,3,4,2,0,0,3,2,1,0,0,1,37,63,24,32,67,97,0,0,5,3
9,1,2,2,3,3,0,1,0,0,1,3,2,4,32,21,55,37,48,9,1,1,6,3
5,0,0,4,0,2,1,2,2,4,2,0,0,0,41,62,17,16,51,65,0,0,6,3
2,6,0,4,3,2,1,2,0,2,0,2,1,1,55,82,39,52,74,27,0,0,5,3
3,2,0,5,3,3,2,4,3,6,3,2,2,7,57,50,62,57,72,57,35,62,5,3
1,1,2,3,2,2,2,2,4,3,9,5,3,4,50,60,40,40,59,40,49,50,6,3
4,1,0,2,0,1,0,3,2,4,4,2,0,4,17,10,76,28,21,10,27,20,6,3
4,0,2,4,3,2,0,0,3,2,4,0,2,4,7,63,23,56,98,92,0,0,5,3
5,2,0,5,0,3,1,3,1,4,2,0,0,1,49,50,18,13,38,67,1,0,6,3
4,1,4,6,2,1,2,0,2,3,5,2,2,5,40,34,40,52,53,33,43,43,7,3
4,2,0,5,0,3,1,3,1,3,2,1,0,1,51,48,18,12,36,68,1,0,6,3
9,1,2,2,3,2,0,1,0,0,1,2,2,4,39,20,56,37,50,7,1,0,6,3
5,1,2,1,1,1,1,1,2,4,4,0,0,3,2,5,70,20,30,7,15,30,5,3
4,1,0,1,0,1,1,2,1,2,2,2,0,2,13,6,84,25,24,7,25,28,5,3
3,4,3,7,3,2,1,0,2,2,1,3,1,2,30,56,80,40,20,70,25,50,6,3
6,1,2,0,2,1,2,1,0,2,0,0,3,4,62,73,90,12,83,29,0,0,6,3
2,1,2,3,2,2,2,2,4,4,10,6,4,5,50,60,40,40,60,40,50,50,6,3
4,5,1,4,0,0,0,0,4,6,7,5,4,7,0,0,90,89,90,20,0,19,5,3
7,1,3,2,0,1,0,2,3,7,7,0,0,6,2,10,50,21,31,9,9,18,6,3
9,4,3,3,2,1,1,2,0,2,1,1,2,5,82,15,69,27,67,3,0,0,6,3
7,6,1,3,1,1,0,0,1,0,1,1,3,1,12,31,24,74,14,38,0,4,6,3
2,6,0,4,3,2,1,2,0,2,0,2,1,1,55,82,40,52,73,27,0,0,7,3
5,5,1,5,0,0,0,0,5,7,8,5,5,8,0,0,90,90,90,20,0,20,6,3
2,2,1,3,2,4,2,5,3,4,3,2,2,5,55,59,55,45,60,51,34,55,5,3
3,3,3,2,2,2,0,2,2,4,2,3,1,0,82,67,35,27,72,22,0,0,6,4
2,2,5,6,5,1,2,2,4,5,4,4,5,4,59,57,30,60,60,50,40,60,6,4
0,8,1,0,3,1,0,0,2,1,2,1,2,4,85,56,63,56,94,34,0,0,5,4
8,1,1,1,1,0,1,0,1,4,1,1,0,7,37,14,54,45,22,10,47,20,6,4
1,7,1,1,2,1,1,0,2,1,4,1,2,5,73,28,60,55,90,38,0,0,6,4
3,1,2,5,5,1,3,4,3,3,0,2,6,5,65,55,25,50,70,40,35,80,3,4
5,7,5,2,1,1,0,2,0,3,1,2,0,4,30,48,60,91,17,62,0,0,5,4
6,2,0,2,1,2,0,1,0,2,0,4,1,2,89,82,69,74,61,81,0,1,6,4
9,7,0,0,2,3,1,0,1,3,1,4,2,2,77,12,19,59,58,10,0,1,5,4
7,1,2,0,3,1,0,2,0,2,0,0,0,0,70,40,20,85,84,2,1,0,4,4
1,2,2,6,3,1,1,0,2,1,2,3,4,4,48,53,65,20,39,24,49,43,6,4
0,8,1,0,1,1,0,0,2,2,3,1,2,4,83,45,55,49,91,40,0,0,6,4
3,3,0,1,2,0,0,0,1,2,0,1,0,2,10,19,31,20,30,11,28,10,6,4
3,3,1,1,2,0,0,0,1,3,0,1,0,2,7,25,30,20,24,12,32,7,6,4
7,1,1,0,1,2,1,1,0,2,1,2,1,1,74,39,7,91,61,14,0,0,5,4
7,4,4,2,1,1,3,1,1,1,3,0,1,3,42,13,49,45,3,49,0,0,6,4
2,3,4,0,1,0,2,0,1,1,0,0,0,1,17,0,65,9,6,0,0,7,6,4
5,6,5,2,1,1,1,2,0,2,3,3,0,4,33,38,60,94,21,77,0,0,2,4
0,9,1,0,2,1,1,0,2,1,4,1,2,5,77,36,57,53,95,41,0,0,6,4
4,2,1,1,0,2,0,1,2,0,1,1,0,2,16,6,58,18,29,19,6,12,6,4
0,10,1,0,2,1,1,0,3,2,4,1,2,5,79,40,57,53,98,42,0,0,6,4
7,7,2,3,0,0,1,0,2,0,2,1,3,0,35,36,49,51,29,33,0,0,6,4
6,4,0,5,0,0,0,4,3,4,5,3,1,6,4,2,73,43,40,22,2,20,6,4
6,3,0,3,0,1,0,3,3,3,4,3,1,5,11,5,62,32,40,25,5,20,6,4
2,3,4,0,1,0,2,0,1,2,0,0,0,1,19,0,62,7,5,0,0,9,6,4
4,4,4,1,1,1,2,2,1,1,5,4,0,3,37,25,59,98,25,93,0,1,5,4
3,4,1,1,2,0,0,0,1,3,0,1,0,2,14,21,28,18,26,11,30,8,6,4
2,2,2,4,3,1,3,0,2,1,2,2,3,4,40,43,67,24,35,18,45,33,6,4
5,1,2,1,3,1,6,1,3,1,2,1,2,4,30,30,70,30,30,10,40,20,6,4
3,5,4,1,1,1,2,2,0,1,3,4,0,4,46,21,53,93,34,91,1,1,2,4
6,0,0,1,0,2,0,2,1,1,1,2,0,3,11,7,37,32,44,38,5,20,6,4
1,5,2,2,3,1,0,2,1,2,1,1,2,2,96,75,63,52,81,26,0,0,6,4
2,1,3,5,5,1,2,2,3,4,2,3,5,4,61,56,27,55,64,45,37,68,4,4
7,6,0,6,0,0,0,5,4,6,6,3,1,7,0,0,80,50,40,20,0,20,6,4
5,1,1,4,5,2,2,2,0,1,1,1,1,3,35,47,24,14,59,3,0,0,5,4
3,4,1,1,3,0,0,0,1,3,0,1,0,2,10,20,30,20,30,10,30,10,6,4
5,1,1,4,3,2,1,0,0,1,4,1,1,4,59,2,67,61,73,31,1,1,6,4
0,9,1,0,2,0,1,0,2,1,3,0,2,4,76,44,54,52,93,53,0,0,5,4
7,1,2,0,2,1,0,1,0,2,1,1,1,0,73,40,11,90,69,10,0,0,5,4
6,5,4,3,0,0,3,0,2,2,2,0,2,4,52,21,55,29,3,67,0,0,4,4
3,3,1,1,1,0,0,0,1,3,0,1,0,2,6,27,30,20,22,13,33,6,6,4
8,1,1,1,1,0,1,0,1,4,1,1,0,6,37,15,55,44,22,10,47,20,6,4
0,8,1,0,3,1,0,0,2,1,2,1,2,4,86,59,64,57,94,32,0,0,6,4
7,8,2,2,0,0,0,0,2,1,1,1,2,1,32,44,52,62,26,33,0,0,4,4
1,2,2,1,1,2,1,0,1,2,1,2,1,2,28,18,31,48,60,54,66,78,5,4
2,6,1,1,4,0,2,0,1,1,2,0,1,2,67,59,50,52,78,91,0,0,4,4
6,8,5,2,1,1,0,2,0,4,0,1,0,4,27,60,61,87,12,45,0,0,5,4
2,1,2,0,1,1,3,1,7,4,3,4,2,4,66,90,50,50,40,30,70,50,7,4
7,1,1,1,2,0,3,0,2,3,1,1,1,5,34,20,60,39,25,10,44,20,6,4
4,1,1,2,1,2,0,2,2,1,2,3,1,3,16,27,39,11,54,45,5,11,6,4
2,2,3,3,4,1,2,3,2,2,1,4,2,2,12,50,26,1,74,65,0,1,6,4
4,4,0,1,3,1,1,1,0,1,0,3,2,2,84,81,53,73,80,83,0,1,5,4
3,1,2,3,3,1,3,0,2,1,2,2,3,4,38,40,67,25,34,16,44,30,6,4
3,4,5,0,1,1,2,0,1,0,0,0,0,1,10,0,75,15,10,0,0,0,6,4
2,2,5,6,5,1,2,2,4,5,4,4,5,4,59,57,30,60,60,50,40,60,6,4
6,3,0,2,3,3,1,1,0,2,0,5,3,2,94,94,57,87,81,79,0,1,6,4
5,1,1,4,5,2,2,2,0,1,1,1,1,3,37,48,24,14,60,3,0,0,5,4
1,2,2,3,2,1,1,0,4,2,2,4,3,4,57,72,57,34,40,27,59,47,7,4
7,6,0,6,0,0,0,5,4,6,6,3,1,7,0,0,80,50,40,20,0,20,6,4
7,6,4,3,0,0,3,1,2,3,3,1,3,5,45,22,52,31,3,69,0,1,4,4
0,9,1,0,1,1,0,0,2,2,3,1,2,4,81,43,56,51,94,40,0,0,6,4
3,2,1,1,5,2,2,2,2,4,1,4,1,0,61,70,15,11,74,6,0,0,5,4
3,8,2,1,2,2,3,2,0,5,0,3,2,4,76,9,38,76,60,84,1,1,5,4
5,1,1,3,4,2,1,1,0,0,1,0,1,4,23,35,27,16,47,4,8,2,6,4
0,1,1,2,2,1,1,0,1,2,5,6,3,4,56,71,15,17,83,61,27,83,5,4
2,6,1,1,5,0,3,1,1,1,2,0,2,2,68,59,48,50,80,92,0,1,4,4
3,3,1,3,2,1,1,0,0,1,4,1,2,5,64,10,65,59,78,34,0,0,6,4
2,1,3,5,5,1,2,3,3,3,1,2,5,4,62,55,26,53,66,43,36,73,4,4
6,2,0,2,2,2,0,1,0,2,0,4,2,2,93,93,57,86,80,79,0,1,6,4
8,1,1,0,1,3,2,0,1,3,3,4,3,2,77,37,1,93,48,21,0,1,5,4
3,6,3,1,1,1,2,2,0,2,3,4,0,4,51,19,51,90,38,90,1,1,3,4
1,5,2,1,3,1,0,2,1,1,1,1,2,3,96,77,67,55,84,24,0,0,4,4
5,1,0,1,0,2,0,1,2,0,2,2,0,3,19,9,50,19,38,28,9,19,6,4
0,8,1,0,2,0,1,0,2,1,3,0,2,4,75,46,54,52,92,58,0,0,5,4
0,2,0,2,1,1,1,0,1,3,1,1,1,2,25,34,15,25,79,45,79,75,6,4
3,1,0,1,0,1,0,0,2,2,1,2,1,2,4,30,20,20,10,20,25,9,6,4
2,2,2,4,3,1,3,0,2,1,2,2,3,4,40,43,67,24,35,18,45,33,6,4
5,1,2,1,3,1,6,1,3,1,2,1,2,4,30,30,70,30,30,10,40,20,6,4
3,5,4,1,1,1,2,2,0,1,3,4,0,4,46,21,53,93,34,91,1,1,2,4
6,0,0,1,0,2,0,2,1,1,1,2,0,3,11,7,37,32,44,38,5,20,6,4
1,5,2,2,3,1,0,2,1,2,1,1,2,2,96,75,63,52,81,26,0,0,6,4
2,1,3,5,5,1,2,2,3,4,2,3,5,4,61,56,27,55,64,45,37,68,4,4
7,6,0,6,0,0,0,5,4,6,6,3,1,7,0,0,80,50,40,20,0,20,6,4
5,1,1,4,5,2,2,2,0,1,1,1,1,3,35,47,24,14,59,3,0,0,5,4
3,4,1,1,3,0,0,0,1,3,0,1,0,2,10,20,30,20,30,10,30,10,6,4
5,1,1,4,3,2,1,0,0,1,4,1,1,4,59,2,67,61,73,31,1,1,6,4
0,9,1,0,2,0,1,0,2,1,3,0,2,4,76,44,54,52,93,53,0,0,5,4
7,1,2,0,2,1,0,1,0,2,1,1,1,0,73,40,11,90,69,10,0,0,5,4
6,5,4,3,0,0,3,0,2,2,2,0,2,4,52,21,55,29,3,67,0,0,4,4
3,3,1,1,1,0,0,0,1,3,0,1,0,2,6,27,30,20,22,13,33,6,6,4
8,1,1,1,1,0,1,0,1,4,1,1,0,6,37,15,55,44,22,10,47,20,6,4
0,8,1,0,3,1,0,0,2,1,2,1,2,4,86,59,64,57,94,32,0,0,6,4
7,8,2,2,0,0,0,0,2,1,1,1,2,1,32,44,52,62,26,33,0,0,4,4
1,2,2,1,1,2,1,0,1,2,1,2,1,2,28,18,31,48,60,54,66,78,5,4
2,6,1,1,4,0,2,0,1,1,2,0,1,2,67,59,50,52,78,91,0,0,4,4
6,8,5,2,1,1,0,2,0,4,0,1,0,4,27,60,61,87,12,45,0,0,5,4
2,1,2,0,1,1,3,1,7,4,3,4,2,4,66,90,50,50,40,30,70,50,7,4
7,1,1,1,2,0,3,0,2,3,1,1,1,5,34,20,60,39,25,10,44,20,6,4
4,1,1,2,1,2,0,2,2,1,2,3,1,3,16,27,39,11,54,45,5,11,6,4
2,2,3,3,4,1,2,3,2,2,1,4,2,2,12,50,26,1,74,65,0,1,6,4
4,4,0,1,3,1,1,1,0,1,0,3,2,2,84,81,53,73,80,83,0,1,5,4
3,1,2,3,3,1,3,0,2,1,2,2,3,4,38,40,67,25,34,16,44,30,6,4
3,4,5,0,1,1,2,0,1,0,0,0,0,1,10,0,75,15,10,0,0,0,6,4
2,2,5,6,5,1,2,2,4,5,4,4,5,4,59,57,30,60,60,50,40,60,6,4
6,3,0,2,3,3,1,1,0,2,0,5,3,2,94,94,57,87,81,79,0,1,6,4
5,1,1,4,5,2,2,2,0,1,1,1,1,3,37,48,24,14,60,3,0,0,5,4
1,2,2,3,2,1,1,0,4,2,2,4,3,4,57,72,57,34,40,27,59,47,7,4
7,6,0,6,0,0,0,5,4,6,6,3,1,7,0,0,80,50,40,20,0,20,6,4
7,6,4,3,0,0,3,1,2,3,3,1,3,5,45,22,52,31,3,69,0,1,4,4
0,9,1,0,1,1,0,0,2,2,3,1,2,4,81,43,56,51,94,40,0,0,6,4
3,2,1,1,5,2,2,2,2,4,1,4,1,0,61,70,15,11,74,6,0,0,5,4
3,8,2,1,2,2,3,2,0,5,0,3,2,4,76,9,38,76,60,84,1,1,5,4
5,1,1,3,4,2,1,1,0,0,1,0,1,4,23,35,27,16,47,4,8,2,6,4
0,1,1,2,2,1,1,0,1,2,5,6,3,4,56,71,15,17,83,61,27,83,5,4
2,6,1,1,5,0,3,1,1,1,2,0,2,2,68,59,48,50,80,92,0,1,4,4
3,3,1,3,2,1,1,0,0,1,4,1,2,5,64,10,65,59,78,34,0,0,6,4
2,1,3,5,5,1,2,3,3,3,1,2,5,4,62,55,26,53,66,43,36,73,4,4
6,2,0,2,2,2,0,1,0,2,0,4,2,2,93,93,57,86,80,79,0,1,6,4
8,1,1,0,1,3,2,0,1,3,3,4,3,2,77,37,1,93,48,21,0,1,5,4
3,6,3,1,1,1,2,2,0,2,3,4,0,4,51,19,51,90,38,90,1,1,3,4
1,5,2,1,3,1,0,2,1,1,1,1,2,3,96,77,67,55,84,24,0,0,4,4
5,1,0,1,0,2,0,1,2,0,2,2,0,3,19,9,50,19,38,28,9,19,6,4
0,8,1,0,2,0,1,0,2,1,3,0,2,4,75,46,54,52,92,58,0,0,5,4
0,2,0,2,1,1,1,0,1,3,1,1,1,2,25,34,15,25,79,45,79,75,6,4
3,1,0,1,0,1,0,0,2,2,1,2,1,2,4,30,20,20,10,20,25,9,6,4
2,2,2,1,2,0,1,2,2,1,1,2,0,2,31,18,37,38,60,12,22,61,5,2
6,1,1,1,2,1,1,1,1,1,1,1,2,1,100,100,100,10,10,10,10,10,6,2
8,0,2,5,1,3,2,3,3,0,0,0,3,3,66,78,76,82,95,68,0,1,5,2
2,0,1,0,1,0,2,2,2,5,2,2,1,3,10,0,98,68,73,15,50,44,5,2
9,5,0,3,1,3,1,1,1,2,1,5,0,3,47,41,9,37,75,20,2,4,5,2
5,1,0,0,1,1,1,0,1,2,1,1,5,7,2,48,50,79,67,70,30,58,6,2
3,1,2,0,1,4,3,0,0,2,0,0,0,2,5,5,90,5,10,15,5,15,6,2
3,5,7,1,1,1,1,2,1,1,1,3,2,3,26,36,58,75,47,78,38,46,6,2
6,1,0,2,3,1,3,3,4,2,4,2,0,6,14,24,30,44,54,20,50,70,4,2
0,4,0,4,2,0,0,1,2,4,0,1,1,5,68,27,17,20,54,8,0,0,6,2
6,3,2,1,1,3,1,2,3,0,1,2,0,4,11,80,29,18,35,26,3,0,6,2
5,1,1,1,2,1,1,1,1,1,1,1,1,1,99,99,100,10,10,9,10,10,5,2
3,1,2,0,1,4,3,0,0,2,0,0,0,2,5,5,90,5,10,15,5,15,6,2
3,4,1,4,4,5,4,4,3,4,4,6,1,2,50,55,62,34,39,14,24,25,6,2
7,1,0,2,1,1,1,1,1,3,0,1,0,1,20,61,77,83,5,47,0,0,6,2
1,2,2,3,3,1,2,2,3,1,3,3,1,3,17,27,31,45,62,22,31,47,5,2
4,10,0,4,4,9,6,5,4,6,5,9,9,9,72,87,95,21,19,15,24,44,6,1
5,8,9,5,8,8,8,6,9,8,7,6,6,5,86,64,88,27,29,12,24,37,6,1
3,7,0,6,6,9,7,4,6,4,8,8,8,6,84,70,61,40,15,12,27,33,6,1
7,9,6,7,8,8,0,7,9,5,9,7,6,4,85,92,72,33,19,16,22,45,6,1
5,6,8,4,7,9,5,8,8,2,4,9,5,9,95,72,65,30,21,14,20,45,6,1
4,7,0,5,4,8,3,9,7,3,5,6,3,6,96,82,73,29,28,19,21,42,6,1
3,8,7,6,5,9,6,6,9,6,6,3,9,8,75,99,82,32,17,15,22,38,6,1
5,9,9,5,6,8,0,5,7,7,4,0,6,3,86,97,71,37,27,18,21,37,6,2
8,7,10,6,5,9,8,4,7,8,5,10,3,2,85,86,72,22,23,19,28,32,6,2
3,9,0,4,4,8,2,8,5,9,6,5,2,6,51,89,94,32,16,12,24,45,7,2
5,8,6,7,8,9,4,6,8,5,7,0,3,5,43,87,90,21,15,20,29,32,6,1
3,7,10,5,8,5,4,7,7,4,4,9,7,8,100,74,84,26,14,11,28,47,6,2
4,7,5,6,9,5,6,4,4,8,5,4,5,7,85,95,90,37,28,16,27,46,8,1
2,7,8,4,5,4,5,6,7,9,7,6,9,6,92,88,73,26,11,10,25,30,6,2
4,9,9,7,8,5,9,4,8,8,8,7,7,5,75,71,94,29,17,14,21,49,6,1
6,9,7,8,6,10,6,7,5,9,6,4,4,4,90,79,62,20,12,14,27,43,6,2
4,10,9,6,7,2,8,6,6,5,4,6,7,9,97,62,64,32,19,17,21,33,6,1
5,9,10,5,9,6,9,4,4,6,5,4,8,6,70,65,68,29,23,11,29,35,5,2
3,7,7,7,5,8,8,3,7,7,4,7,5,5,100,98,81,22,15,16,23,40,6,1
6,6,9,8,8,9,9,2,8,6,5,6,7,8,86,91,79,23,29,19,25,35,5,2
3,4,8,9,4,6,6,4,5,4,7,4,5,9,65,85,75,37,29,13,22,33,6,1
7,8,7,8,5,5,5,7,4,9,8,8,6,5,93,72,61,26,20,19,21,35,6,2
4,9,9,7,7,4,9,8,9,4,9,6,4,9,96,82,80,24,22,13,25,43,6,1
2,7,8,5,8,5,6,6,5,5,8,8,8,6,68,68,77,22,16,14,20,31,6,2
5,9,7,6,6,2,5,5,6,8,4,7,9,3,60,76,65,30,29,12,21,49,6,1
6,7,8,7,4,6,6,4,8,9,6,4,7,8,83,100,98,26,22,10,28,45,6,2
4,7,5,8,5,9,8,6,9,7,5,5,8,4,84,69,70,38,15,12,23,42,6,1
3,4,6,9,4,8,7,7,4,9,7,6,5,6,70,73,66,27,18,18,22,47,6,2
5,8,7,4,5,7,4,4,5,10,5,5,4,5,95,66,80,31,11,20,29,47,6,1
4,9,6,5,7,9,5,7,6,7,8,4,6,8,74,77,81,36,11,16,22,46,6,2
4,7,7,0,8,8,6,6,8,9,6,8,5,9,69,61,95,25,10,11,25,32,6,1
5,8,6,7,9,6,5,4,6,8,4,6,7,6,70,61,74,23,16,16,22,30,7,2
4,9,8,8,8,4,4,7,5,7,3,7,8,8,60,64,62,40,21,18,27,50,6,2
5,10,10,5,4,8,6,6,9,9,5,5,9,7,78,66,88,28,28,14,24,37,6,1
6,8,5,6,6,3,4,4,6,8,6,4,4,9,79,85,74,35,22,16,24,37,6,2
8,8,5,7,5,5,6,5,8,7,7,5,5,6,75,83,86,39,17,16,27,43,6,2
10,7,1,5,5,1,2,1,0,0,5,0,0,3,41,76,54,11,87,11,0,0,9,1
1,10,1,0,1,1,3,3,2,1,1,1,0,5,29,1,43,78,90,14,1,1,9,2
10,7,1,5,5,1,2,1,0,0,5,0,0,3,41,76,54,11,87,11,0,0,9,1
1,10,1,0,1,1,3,3,2,1,1,1,0,5,29,1,43,78,90,14,1,1,9,2
0,4,3,4,1,2,3,0,0,0,1,3,1,0,28,29,41,10,31,82,1,0,6,1
10,7,1,5,5,1,2,1,0,0,5,0,0,3,41,76,54,11,87,11,0,0,9,1
3,9,4,0,2,0,2,1,2,0,1,3,1,1,18,65,72,74,33,2,0,1,6,1
3,2,4,1,2,1,2,0,1,2,1,1,0,3,41,15,50,25,30,18,20,24,5,1
4,0,1,0,0,0,1,0,0,0,0,0,0,1,0,0,0,3,1,2,2,0,6,1
3,1,2,0,2,0,2,0,1,1,1,1,0,2,3,2,44,59,4,8,19,60,6,1
2,2,2,1,1,1,3,1,1,2,0,1,0,2,59,25,39,24,19,10,14,14,5,1
7,7,2,6,7,4,4,5,2,6,6,6,5,6,95,64,93,99,84,30,80,55,6,1
4,5,5,3,2,3,5,4,3,6,8,5,7,5,80,60,60,60,50,50,50,49,6,1
6,3,3,2,2,2,2,1,1,3,2,2,1,6,29,9,50,21,29,31,20,28,5,1
4,7,7,6,5,3,5,4,5,6,4,6,7,4,61,78,67,32,29,12,21,44,6,1
4,3,2,6,4,3,4,4,6,5,5,5,6,3,74,11,88,70,53,27,48,64,5,1
4,6,6,7,6,7,4,5,6,4,7,1,3,6,53,86,82,28,21,16,25,32,6,1
2,0,1,0,1,1,2,0,1,0,2,3,0,4,41,0,51,93,1,13,13,50,5,1
4,5,3,0,2,2,2,1,1,0,1,1,1,1,13,56,70,71,31,6,2,23,6,1
2,1,3,1,1,0,1,1,0,2,1,2,1,2,0,3,28,1,50,14,1,3,5,1
2,1,5,3,1,2,0,0,1,1,0,2,0,3,0,0,0,100,100,50,30,60,5,1
4,2,7,4,6,0,6,0,3,3,4,1,0,6,50,23,64,26,15,17,8,34,5,1
4,6,6,3,3,4,3,2,2,4,1,3,0,2,50,50,90,60,20,50,10,10,6,1
2,2,5,2,2,3,2,3,1,2,2,2,1,3,50,50,90,40,40,2,2,7,6,1
1,3,2,2,2,2,2,2,2,3,3,2,2,2,78,92,88,30,26,11,12,31,6,1
2,2,5,2,2,3,2,3,1,2,2,2,1,3,50,50,90,40,40,2,2,7,6,1
4,0,0,2,1,1,1,0,0,2,1,2,1,1,0,10,25,0,50,30,0,0,6,1
6,0,1,0,1,0,4,0,1,7,4,4,4,5,0,20,60,100,100,6,90,70,5,1
6,5,4,3,4,5,7,7,5,6,7,7,8,7,59,53,46,53,50,50,50,49,5,1
3,0,0,1,1,0,1,0,0,2,1,2,1,1,0,8,25,0,50,27,0,0,5,1
3,1,1,1,1,0,1,0,0,2,1,2,1,2,0,6,26,0,50,20,1,1,5,1
2,2,2,1,1,0,2,0,2,2,0,1,0,2,16,0,50,13,43,3,6,13,6,1
1,2,2,3,3,1,2,1,2,1,3,3,1,3,15,25,31,43,63,23,31,45,5,2
3,1,0,0,1,1,0,0,0,1,0,1,0,1,70,5,76,64,70,38,60,53,6,2
9,5,0,3,1,3,1,1,1,2,1,5,0,3,47,41,9,37,75,20,2,4,5,2
10,5,5,7,3,4,4,2,4,5,5,5,5,6,40,60,50,100,50,40,50,40,5,2
4,1,1,1,0,0,0,0,1,2,1,1,1,1,29,10,49,30,69,7,0,0,6,2
5,1,0,0,1,2,1,0,1,3,1,2,6,5,0,33,34,87,80,62,33,75,6,2
8,0,2,0,1,0,2,0,0,0,2,1,0,0,22,9,64,50,1,24,0,0,7,2
1,2,6,3,3,3,3,1,2,1,2,4,1,4,50,50,94,34,42,11,37,20,5,2
7,1,2,1,1,3,1,1,1,2,1,5,0,7,49,49,18,39,52,28,9,18,5,2
6,1,1,1,2,1,1,1,1,1,1,1,2,1,100,100,100,10,10,10,10,10,6,2
9,1,1,1,1,0,1,1,1,1,0,1,3,2,64,98,93,77,63,78,0,0,5,2
10,2,3,2,3,1,1,2,2,0,2,1,0,4,2,94,5,18,28,58,1,0,6,2
4,3,2,0,1,4,1,2,3,0,1,2,0,4,18,71,46,19,39,4,4,0,6,2
2,0,1,0,1,0,2,2,2,5,2,2,1,3,10,0,98,68,73,15,50,44,5,2
3,2,0,4,3,3,2,5,3,6,3,2,2,7,58,50,60,52,70,58,31,60,5,3
8,6,2,2,4,1,2,0,0,1,2,3,2,3,44,44,25,51,77,18,0,1,6,3
2,1,2,3,2,2,2,2,4,4,10,6,4,5,50,60,40,40,60,40,50,50,6,3
2,9,0,4,4,2,2,1,0,3,0,1,2,3,53,63,47,54,66,20,0,0,6,3
4,1,0,1,1,1,1,1,1,1,1,1,0,1,5,1,89,20,29,5,20,39,5,3
4,1,4,7,2,1,2,0,2,3,4,1,1,5,38,29,40,54,51,31,41,41,7,3
9,2,4,3,1,1,0,1,1,3,0,1,2,5,82,13,73,13,71,6,0,0,6,3
4,5,1,4,0,0,0,0,4,6,7,5,4,7,0,0,90,89,90,20,0,19,5,3
9,1,4,3,1,1,0,1,1,4,0,1,2,5,82,12,74,7,72,7,0,0,6,3
4,5,1,4,0,0,0,0,4,6,7,5,4,7,0,0,90,89,90,20,0,19,5,3
1,1,2,3,2,2,2,2,4,3,9,5,3,4,50,60,40,40,59,40,49,50,6,3
1,2,1,3,2,3,2,4,3,2,2,2,2,2,49,66,52,40,49,46,37,50,5,3
5,1,1,1,2,1,0,1,1,0,3,1,0,1,30,20,40,44,48,14,17,6,6,3
6,2,1,2,1,0,0,2,1,0,3,0,3,1,0,20,30,40,10,40,0,10,6,3
1,1,2,3,2,2,2,2,4,3,9,5,3,4,50,60,40,40,59,40,49,50,6,3
1,1,2,3,2,2,2,2,4,3,9,5,3,4,50,60,40,40,59,40,49,50,6,3
3,2,0,8,3,1,2,0,4,7,3,2,2,6,50,50,70,80,80,50,50,70,6,3
2,0,2,3,3,1,3,0,3,3,0,3,2,1,0,0,10,100,50,10,50,100,7,3
6,0,0,5,0,3,1,3,1,4,2,0,0,0,42,59,16,14,47,61,1,0,6,3
4,1,0,1,0,1,1,1,1,1,1,1,0,1,10,4,85,23,25,6,23,31,5,3
6,2,6,9,2,1,2,0,2,3,3,1,1,5,35,20,40,60,50,30,40,40,8,3
4,1,0,2,0,1,0,3,2,4,4,2,0,4,19,10,79,29,20,10,29,20,6,3
9,2,1,1,1,1,0,1,0,3,1,2,1,4,17,20,12,31,18,48,8,27,6,3
2,0,2,3,3,1,3,0,3,3,0,3,2,1,0,0,10,100,50,10,50,100,7,3
3,0,4,2,3,1,2,2,3,1,2,0,1,0,79,9,98,89,77,24,0,1,5,3
1,1,2,2,2,4,4,4,3,3,3,4,3,2,50,70,50,40,49,43,39,50,6,3
9,2,1,1,1,1,0,1,0,3,1,2,1,4,18,20,11,30,19,49,9,28,6,3
9,6,3,3,2,1,1,2,0,1,1,1,2,5,82,17,66,39,63,0,0,0,6,3
5,0,0,4,0,2,1,2,1,4,2,0,0,0,44,56,17,14,44,65,0,0,6,3
2,4,0,4,2,2,0,2,0,1,0,2,1,0,56,93,35,51,78,31,0,0,7,3
2,1,2,2,2,4,4,3,2,3,3,4,3,4,79,70,59,49,40,49,20,59,6,3
0,1,1,3,4,2,1,0,3,1,1,0,0,0,47,63,24,25,58,98,0,0,5,3
9,1,3,3,1,2,0,2,0,4,2,2,2,0,50,36,84,52,73,45,0,1,1,3
3,2,0,8,3,1,2,0,4,7,3,2,2,6,50,50,70,80,80,50,50,70,6,3
5,0,0,4,0,2,1,2,1,4,2,0,0,0,40,62,16,15,50,64,0,0,6,3
6,4,1,2,1,0,0,0,1,0,1,0,3,1,8,27,25,62,12,38,0,5,6,3
3,0,4,2,3,1,2,2,3,1,2,0,1,0,77,9,98,88,77,24,0,1,5,3
4,1,1,1,2,1,1,1,2,0,4,1,0,1,30,20,30,49,49,19,29,9,6,3
8,5,2,2,3,1,1,0,0,1,3,4,1,3,45,43,23,53,78,18,0,1,6,3
7,2,1,1,1,0,0,1,0,1,1,0,1,2,9,20,19,34,14,44,4,19,6,3
8,2,1,1,3,2,0,0,2,4,1,0,1,3,30,60,20,30,50,10,10,0,6,3
3,4,0,4,2,2,0,3,0,1,0,3,1,0,57,98,34,51,80,33,1,0,7,3
1,0,2,2,3,1,0,0,2,2,1,0,0,1,35,61,24,32,66,96,0,0,5,3
5,5,1,5,0,0,0,0,5,7,8,5,5,8,0,0,90,90,90,20,0,20,6,3
4,5,1,4,0,0,0,0,4,6,7,5,4,7,0,0,90,89,90,20,0,19,5,3
3,2,2,2,1,2,3,3,1,2,3,6,2,3,82,67,66,47,33,32,26,68,7,3
1,1,2,2,2,3,3,4,3,2,2,3,2,2,49,68,51,40,47,44,38,50,6,3
5,0,0,4,0,2,1,2,1,4,2,0,0,0,40,63,15,14,48,63,0,0,6,3
4,5,1,4,0,0,0,0,4,6,7,5,4,7,1,0,90,88,90,20,0,18,5,3
